#
# There is insufficient memory for the Java Runtime Environment to continue.
# Native memory allocation (malloc) failed to allocate 262656 bytes. Error detail: Chunk::new
# Possible reasons:
#   The system is out of physical RAM or swap space
#   This process is running with CompressedOops enabled, and the Java Heap may be blocking the growth of the native heap
# Possible solutions:
#   Reduce memory load on the system
#   Increase physical memory or swap space
#   Check if swap backing store is full
#   Decrease Java heap size (-Xmx/-Xms)
#   Decrease number of Java threads
#   Decrease Java thread stack sizes (-Xss)
#   Set larger code cache with -XX:ReservedCodeCacheSize=
#   JVM is running with Unscaled Compressed Oops mode in which the Java heap is
#     placed in the first 4GB address space. The Java Heap base address is the
#     maximum limit for the native heap growth. Please use -XX:HeapBaseMinAddress
#     to set the Java Heap base and to place the Java Heap above 4GB virtual address.
# This output file may be truncated or incomplete.
#
#  Out of Memory Error (arena.cpp:168), pid=16884, tid=14692
#
# JRE version: OpenJDK Runtime Environment (21.0.6) (build 21.0.6+-13368085-b895.109)
# Java VM: OpenJDK 64-Bit Server VM (21.0.6+-13368085-b895.109, mixed mode, tiered, compressed oops, compressed class ptrs, g1 gc, windows-amd64)
# No core dump will be written. Minidumps are not enabled by default on client versions of Windows
#

---------------  S U M M A R Y ------------

Command Line: --add-opens=java.base/java.util=ALL-UNNAMED --add-opens=java.base/java.lang=ALL-UNNAMED --add-opens=java.base/java.lang.invoke=ALL-UNNAMED --add-opens=java.prefs/java.util.prefs=ALL-UNNAMED --add-exports=jdk.compiler/com.sun.tools.javac.api=ALL-UNNAMED --add-exports=jdk.compiler/com.sun.tools.javac.util=ALL-UNNAMED --add-opens=java.base/java.nio.charset=ALL-UNNAMED --add-opens=java.base/java.net=ALL-UNNAMED --add-opens=java.base/java.util.concurrent.atomic=ALL-UNNAMED -Xmx2048m -Dfile.encoding=UTF-8 -Duser.country=VN -Duser.language=vi -Duser.variant -javaagent:C:\Users\Hieu\.gradle\wrapper\dists\gradle-8.10.2-bin\a04bxjujx95o3nb99gddekhwo\gradle-8.10.2\lib\agents\gradle-instrumentation-agent-8.10.2.jar org.gradle.launcher.daemon.bootstrap.GradleDaemon 8.10.2

Host: 11th Gen Intel(R) Core(TM) i3-1115G4 @ 3.00GHz, 4 cores, 7G,  Windows 11 , 64 bit Build 22621 (10.0.22621.5262)
Time: Sat Jun  7 10:19:43 2025 SE Asia Standard Time elapsed time: 126.757939 seconds (0d 0h 2m 6s)

---------------  T H R E A D  ---------------

Current thread (0x000001e9f6bd9ac0):  JavaThread "C2 CompilerThread0" daemon [_thread_in_native, id=14692, stack(0x000000b9ae400000,0x000000b9ae500000) (1024K)]


Current CompileTask:
C2:126758 29979       4       com.google.common.io.Files::getFileExtension (42 bytes)

Stack: [0x000000b9ae400000,0x000000b9ae500000]
Native frames: (J=compiled Java code, j=interpreted, Vv=VM code, C=native code)
V  [jvm.dll+0x6d0639]
V  [jvm.dll+0x85eb03]
V  [jvm.dll+0x86105e]
V  [jvm.dll+0x861743]
V  [jvm.dll+0x27e6e6]
V  [jvm.dll+0xbff6d]
V  [jvm.dll+0xc04a3]
V  [jvm.dll+0x2f2780]
V  [jvm.dll+0x5fa409]
V  [jvm.dll+0x250d92]
V  [jvm.dll+0x25114f]
V  [jvm.dll+0x2498f5]
V  [jvm.dll+0x24714e]
V  [jvm.dll+0x1c5f04]
V  [jvm.dll+0x2569ac]
V  [jvm.dll+0x254ef6]
V  [jvm.dll+0x3f0e96]
V  [jvm.dll+0x806ed8]
V  [jvm.dll+0x6cef0d]
C  [ucrtbase.dll+0x29333]
C  [KERNEL32.DLL+0x1259d]
C  [ntdll.dll+0x5af58]


---------------  P R O C E S S  ---------------

Threads class SMR info:
_java_thread_list=0x000001e992874420, length=72, elements={
0x000001e9dfbcfa60, 0x000001e9f6a4e040, 0x000001e9f6bd1700, 0x000001e9f6bd3420,
0x000001e9f6bba030, 0x000001e9f6bbc0a0, 0x000001e9f6bd5710, 0x000001e9f6bd9ac0,
0x000001e9f6bdb230, 0x000001e9f6d20e30, 0x000001e9f6f6de70, 0x000001e9fc9665d0,
0x000001e9fccaa900, 0x000001e9fcca9e50, 0x000001e9fccb0910, 0x000001e9fcaea690,
0x000001e9fcaee300, 0x000001e9fcaecf50, 0x000001e9fd097bd0, 0x000001e9fd092680,
0x000001e9fd094de0, 0x000001e9fd0933a0, 0x000001e9fd095470, 0x000001e9fd091ff0,
0x000001e9fd098260, 0x000001e9fd095b00, 0x000001e9fd619390, 0x000001e98c3655d0,
0x000001e98bd698e0, 0x000001e98bd6c6d0, 0x000001e98bd65740, 0x000001e98bd6cd60,
0x000001e98bd65dd0, 0x000001e98bd66460, 0x000001e98bd69f70, 0x000001e98bd6da80,
0x000001e98bd6e110, 0x000001e98bd6e7a0, 0x000001e98bd6ee30, 0x000001e98bd67ea0,
0x000001e98bd70f00, 0x000001e98bd71590, 0x000001e98bd73cf0, 0x000001e98bd71c20,
0x000001e98bd72940, 0x000001e98bd72fd0, 0x000001e98960eec0, 0x000001e98960f550,
0x000001e98960ad20, 0x000001e989610270, 0x000001e98960d480, 0x000001e98960ba40,
0x000001e98960a690, 0x000001e98960c760, 0x000001e989609970, 0x000001e9896092e0,
0x000001e989610900, 0x000001e989610f90, 0x000001e98960a000, 0x000001e989611620,
0x000001e980e142a0, 0x000001e980e17090, 0x000001e980e12ef0, 0x000001e980e197f0,
0x000001e980e12860, 0x000001e980e19e80, 0x000001e980e1a510, 0x000001e980e13580,
0x000001e980e1aba0, 0x000001e980e1e020, 0x000001e980e1b8c0, 0x000001e980e1e6b0
}

Java Threads: ( => current thread )
  0x000001e9dfbcfa60 JavaThread "main"                              [_thread_blocked, id=8692, stack(0x000000b9ad600000,0x000000b9ad700000) (1024K)]
  0x000001e9f6a4e040 JavaThread "Reference Handler"          daemon [_thread_blocked, id=7416, stack(0x000000b9ade00000,0x000000b9adf00000) (1024K)]
  0x000001e9f6bd1700 JavaThread "Finalizer"                  daemon [_thread_blocked, id=5672, stack(0x000000b9adf00000,0x000000b9ae000000) (1024K)]
  0x000001e9f6bd3420 JavaThread "Signal Dispatcher"          daemon [_thread_blocked, id=3396, stack(0x000000b9ae000000,0x000000b9ae100000) (1024K)]
  0x000001e9f6bba030 JavaThread "Attach Listener"            daemon [_thread_blocked, id=14520, stack(0x000000b9ae100000,0x000000b9ae200000) (1024K)]
  0x000001e9f6bbc0a0 JavaThread "Service Thread"             daemon [_thread_blocked, id=14056, stack(0x000000b9ae200000,0x000000b9ae300000) (1024K)]
  0x000001e9f6bd5710 JavaThread "Monitor Deflation Thread"   daemon [_thread_blocked, id=15820, stack(0x000000b9ae300000,0x000000b9ae400000) (1024K)]
=>0x000001e9f6bd9ac0 JavaThread "C2 CompilerThread0"         daemon [_thread_in_native, id=14692, stack(0x000000b9ae400000,0x000000b9ae500000) (1024K)]
  0x000001e9f6bdb230 JavaThread "C1 CompilerThread0"         daemon [_thread_blocked, id=420, stack(0x000000b9ae500000,0x000000b9ae600000) (1024K)]
  0x000001e9f6d20e30 JavaThread "Common-Cleaner"             daemon [_thread_blocked, id=11836, stack(0x000000b9ae600000,0x000000b9ae700000) (1024K)]
  0x000001e9f6f6de70 JavaThread "Notification Thread"        daemon [_thread_blocked, id=9944, stack(0x000000b9ae700000,0x000000b9ae800000) (1024K)]
  0x000001e9fc9665d0 JavaThread "Daemon health stats"               [_thread_blocked, id=16088, stack(0x000000b9aeb00000,0x000000b9aec00000) (1024K)]
  0x000001e9fccaa900 JavaThread "Incoming local TCP Connector on port 50752"        [_thread_in_native, id=15212, stack(0x000000b9aec00000,0x000000b9aed00000) (1024K)]
  0x000001e9fcca9e50 JavaThread "Daemon periodic checks"            [_thread_blocked, id=16808, stack(0x000000b9aed00000,0x000000b9aee00000) (1024K)]
  0x000001e9fccb0910 JavaThread "Daemon"                            [_thread_blocked, id=8608, stack(0x000000b9aee00000,0x000000b9aef00000) (1024K)]
  0x000001e9fcaea690 JavaThread "Daemon worker"                     [_thread_blocked, id=3692, stack(0x000000b9af100000,0x000000b9af200000) (1024K)]
  0x000001e9fcaee300 JavaThread "Cache worker for journal cache (C:\Users\Hieu\.gradle\caches\journal-1)"        [_thread_blocked, id=17048, stack(0x000000b9af500000,0x000000b9af600000) (1024K)]
  0x000001e9fcaecf50 JavaThread "File lock request listener"        [_thread_in_native, id=13332, stack(0x000000b9af600000,0x000000b9af700000) (1024K)]
  0x000001e9fd097bd0 JavaThread "Cache worker for file hash cache (C:\Users\Hieu\.gradle\caches\8.10.2\fileHashes)"        [_thread_blocked, id=9612, stack(0x000000b9af700000,0x000000b9af800000) (1024K)]
  0x000001e9fd092680 JavaThread "File watcher server"        daemon [_thread_in_native, id=3596, stack(0x000000b9afb00000,0x000000b9afc00000) (1024K)]
  0x000001e9fd094de0 JavaThread "File watcher consumer"      daemon [_thread_blocked, id=15660, stack(0x000000b9afc00000,0x000000b9afd00000) (1024K)]
  0x000001e9fd0933a0 JavaThread "jar transforms"                    [_thread_blocked, id=4548, stack(0x000000b9afd00000,0x000000b9afe00000) (1024K)]
  0x000001e9fd095470 JavaThread "jar transforms Thread 2"           [_thread_blocked, id=12472, stack(0x000000b9afe00000,0x000000b9aff00000) (1024K)]
  0x000001e9fd091ff0 JavaThread "jar transforms Thread 3"           [_thread_blocked, id=6976, stack(0x000000b9aff00000,0x000000b9b0000000) (1024K)]
  0x000001e9fd098260 JavaThread "jar transforms Thread 4"           [_thread_blocked, id=4972, stack(0x000000b9b0000000,0x000000b9b0100000) (1024K)]
  0x000001e9fd095b00 JavaThread "Cache worker for file content cache (C:\Users\Hieu\.gradle\caches\8.10.2\fileContent)"        [_thread_blocked, id=11336, stack(0x000000b9b0200000,0x000000b9b0300000) (1024K)]
  0x000001e9fd619390 JavaThread "Memory manager"                    [_thread_blocked, id=4740, stack(0x000000b9b1500000,0x000000b9b1600000) (1024K)]
  0x000001e98c3655d0 JavaThread "pool-3-thread-1"                   [_thread_blocked, id=10480, stack(0x000000b9b1900000,0x000000b9b1a00000) (1024K)]
  0x000001e98bd698e0 JavaThread "Handler for socket connection from /127.0.0.1:50752 to /127.0.0.1:50827"        [_thread_in_native, id=13508, stack(0x000000b9ad300000,0x000000b9ad400000) (1024K)]
  0x000001e98bd6c6d0 JavaThread "Cancel handler"                    [_thread_blocked, id=10732, stack(0x000000b9af000000,0x000000b9af100000) (1024K)]
  0x000001e98bd65740 JavaThread "Asynchronous log dispatcher for DefaultDaemonConnection: socket connection from /127.0.0.1:50752 to /127.0.0.1:50827"        [_thread_blocked, id=10844, stack(0x000000b9af300000,0x000000b9af400000) (1024K)]
  0x000001e98bd6cd60 JavaThread "Stdin handler"                     [_thread_blocked, id=4500, stack(0x000000b9af400000,0x000000b9af500000) (1024K)]
  0x000001e98bd65dd0 JavaThread "Daemon client event forwarder"        [_thread_blocked, id=4276, stack(0x000000b9af800000,0x000000b9af900000) (1024K)]
  0x000001e98bd66460 JavaThread "Cache worker for file hash cache (D:\Promodo_App\.gradle\8.10.2\fileHashes)"        [_thread_blocked, id=10476, stack(0x000000b9af900000,0x000000b9afa00000) (1024K)]
  0x000001e98bd69f70 JavaThread "Cache worker for Build Output Cleanup Cache (D:\Promodo_App\.gradle\buildOutputCleanup)"        [_thread_blocked, id=7692, stack(0x000000b9afa00000,0x000000b9afb00000) (1024K)]
  0x000001e98bd6da80 JavaThread "Cache worker for checksums cache (D:\Promodo_App\.gradle\8.10.2\checksums)"        [_thread_blocked, id=3584, stack(0x000000b9b0100000,0x000000b9b0200000) (1024K)]
  0x000001e98bd6e110 JavaThread "Cache worker for cache directory md-rule (C:\Users\Hieu\.gradle\caches\8.10.2\md-rule)"        [_thread_blocked, id=16780, stack(0x000000b9b0300000,0x000000b9b0400000) (1024K)]
  0x000001e98bd6e7a0 JavaThread "Cache worker for cache directory md-supplier (C:\Users\Hieu\.gradle\caches\8.10.2\md-supplier)"        [_thread_blocked, id=11556, stack(0x000000b9b0400000,0x000000b9b0500000) (1024K)]
  0x000001e98bd6ee30 JavaThread "Unconstrained build operations"        [_thread_blocked, id=16112, stack(0x000000b9b0600000,0x000000b9b0700000) (1024K)]
  0x000001e98bd67ea0 JavaThread "Unconstrained build operations Thread 2"        [_thread_blocked, id=12420, stack(0x000000b9b0700000,0x000000b9b0800000) (1024K)]
  0x000001e98bd70f00 JavaThread "Unconstrained build operations Thread 3"        [_thread_blocked, id=4752, stack(0x000000b9b0800000,0x000000b9b0900000) (1024K)]
  0x000001e98bd71590 JavaThread "Unconstrained build operations Thread 4"        [_thread_blocked, id=17376, stack(0x000000b9b0900000,0x000000b9b0a00000) (1024K)]
  0x000001e98bd73cf0 JavaThread "Unconstrained build operations Thread 5"        [_thread_blocked, id=2968, stack(0x000000b9b0a00000,0x000000b9b0b00000) (1024K)]
  0x000001e98bd71c20 JavaThread "Unconstrained build operations Thread 6"        [_thread_blocked, id=10520, stack(0x000000b9b0b00000,0x000000b9b0c00000) (1024K)]
  0x000001e98bd72940 JavaThread "build event listener"              [_thread_blocked, id=5572, stack(0x000000b9b0c00000,0x000000b9b0d00000) (1024K)]
  0x000001e98bd72fd0 JavaThread "build event listener"              [_thread_blocked, id=15504, stack(0x000000b9ad400000,0x000000b9ad500000) (1024K)]
  0x000001e98960eec0 JavaThread "pool-7-thread-1"                   [_thread_blocked, id=16176, stack(0x000000b9b0d00000,0x000000b9b0e00000) (1024K)]
  0x000001e98960f550 JavaThread "build event listener"              [_thread_blocked, id=15520, stack(0x000000b9b0e00000,0x000000b9b0f00000) (1024K)]
  0x000001e98960ad20 JavaThread "included builds"                   [_thread_blocked, id=3348, stack(0x000000b9b0f00000,0x000000b9b1000000) (1024K)]
  0x000001e989610270 JavaThread "Execution worker"                  [_thread_blocked, id=7956, stack(0x000000b9b1000000,0x000000b9b1100000) (1024K)]
  0x000001e98960d480 JavaThread "Execution worker Thread 2"         [_thread_blocked, id=11828, stack(0x000000b9b1100000,0x000000b9b1200000) (1024K)]
  0x000001e98960ba40 JavaThread "Execution worker Thread 3"         [_thread_in_vm, id=7492, stack(0x000000b9b1200000,0x000000b9b1300000) (1024K)]
  0x000001e98960a690 JavaThread "Cache worker for execution history cache (D:\Promodo_App\.gradle\8.10.2\executionHistory)"        [_thread_blocked, id=8652, stack(0x000000b9b1300000,0x000000b9b1400000) (1024K)]
  0x000001e98960c760 JavaThread "Unconstrained build operations Thread 7"        [_thread_blocked, id=4604, stack(0x000000b9b1400000,0x000000b9b1500000) (1024K)]
  0x000001e989609970 JavaThread "Unconstrained build operations Thread 8"        [_thread_blocked, id=1416, stack(0x000000b9b1600000,0x000000b9b1700000) (1024K)]
  0x000001e9896092e0 JavaThread "Unconstrained build operations Thread 9"        [_thread_blocked, id=10112, stack(0x000000b9b1700000,0x000000b9b1800000) (1024K)]
  0x000001e989610900 JavaThread "WorkerExecutor Queue"              [_thread_blocked, id=12940, stack(0x000000b9b1800000,0x000000b9b1900000) (1024K)]
  0x000001e989610f90 JavaThread "Unconstrained build operations Thread 10"        [_thread_blocked, id=16772, stack(0x000000b9b1a00000,0x000000b9b1b00000) (1024K)]
  0x000001e98960a000 JavaThread "Unconstrained build operations Thread 11"        [_thread_blocked, id=3684, stack(0x000000b9b1b00000,0x000000b9b1c00000) (1024K)]
  0x000001e989611620 JavaThread "Unconstrained build operations Thread 12"        [_thread_blocked, id=14340, stack(0x000000b9b1c00000,0x000000b9b1d00000) (1024K)]
  0x000001e980e142a0 JavaThread "WorkerExecutor Queue Thread 2"        [_thread_blocked, id=16084, stack(0x000000b9b1d00000,0x000000b9b1e00000) (1024K)]
  0x000001e980e17090 JavaThread "WorkerExecutor Queue Thread 3"        [_thread_blocked, id=13476, stack(0x000000b9b1e00000,0x000000b9b1f00000) (1024K)]
  0x000001e980e12ef0 JavaThread "WorkerExecutor Queue Thread 4"        [_thread_blocked, id=5288, stack(0x000000b9b1f00000,0x000000b9b2000000) (1024K)]
  0x000001e980e197f0 JavaThread "Unconstrained build operations Thread 13"        [_thread_blocked, id=7396, stack(0x000000b9b0500000,0x000000b9b0600000) (1024K)]
  0x000001e980e12860 JavaThread "Unconstrained build operations Thread 14"        [_thread_blocked, id=16832, stack(0x000000b9b2000000,0x000000b9b2100000) (1024K)]
  0x000001e980e19e80 JavaThread "Unconstrained build operations Thread 15"        [_thread_blocked, id=17244, stack(0x000000b9b2100000,0x000000b9b2200000) (1024K)]
  0x000001e980e1a510 JavaThread "Unconstrained build operations Thread 16"        [_thread_blocked, id=6392, stack(0x000000b9b2200000,0x000000b9b2300000) (1024K)]
  0x000001e980e13580 JavaThread "Unconstrained build operations Thread 17"        [_thread_blocked, id=17076, stack(0x000000b9b2300000,0x000000b9b2400000) (1024K)]
  0x000001e980e1aba0 JavaThread "Unconstrained build operations Thread 18"        [_thread_blocked, id=11576, stack(0x000000b9b2400000,0x000000b9b2500000) (1024K)]
  0x000001e980e1e020 JavaThread "Unconstrained build operations Thread 19"        [_thread_blocked, id=10812, stack(0x000000b9b2600000,0x000000b9b2700000) (1024K)]
  0x000001e980e1b8c0 JavaThread "Unconstrained build operations Thread 20"        [_thread_blocked, id=15700, stack(0x000000b9b2700000,0x000000b9b2800000) (1024K)]
  0x000001e980e1e6b0 JavaThread "Unconstrained build operations Thread 21"        [_thread_blocked, id=11044, stack(0x000000b9b2800000,0x000000b9b2900000) (1024K)]
Total: 72

Other Threads:
  0x000001e9f6a0d430 VMThread "VM Thread"                           [id=12436, stack(0x000000b9add00000,0x000000b9ade00000) (1024K)]
  0x000001e9f69ad860 WatcherThread "VM Periodic Task Thread"        [id=10452, stack(0x000000b9adc00000,0x000000b9add00000) (1024K)]
  0x000001e9dfc25cd0 WorkerThread "GC Thread#0"                     [id=7628, stack(0x000000b9ad700000,0x000000b9ad800000) (1024K)]
  0x000001e9fb0e4ae0 WorkerThread "GC Thread#1"                     [id=10088, stack(0x000000b9ae800000,0x000000b9ae900000) (1024K)]
  0x000001e9fb0711d0 WorkerThread "GC Thread#2"                     [id=13076, stack(0x000000b9ae900000,0x000000b9aea00000) (1024K)]
  0x000001e9fbe5b970 WorkerThread "GC Thread#3"                     [id=13964, stack(0x000000b9aea00000,0x000000b9aeb00000) (1024K)]
  0x000001e9dd96bf90 ConcurrentGCThread "G1 Main Marker"            [id=13464, stack(0x000000b9ad800000,0x000000b9ad900000) (1024K)]
  0x000001e9dd96cc00 WorkerThread "G1 Conc#0"                       [id=10444, stack(0x000000b9ad900000,0x000000b9ada00000) (1024K)]
  0x000001e9f6880540 ConcurrentGCThread "G1 Refine#0"               [id=15760, stack(0x000000b9ada00000,0x000000b9adb00000) (1024K)]
  0x000001e9f6880ec0 ConcurrentGCThread "G1 Service"                [id=8068, stack(0x000000b9adb00000,0x000000b9adc00000) (1024K)]
Total: 10

Threads with active compile tasks:
C2 CompilerThread0  126830 29979       4       com.google.common.io.Files::getFileExtension (42 bytes)
Total: 1

VM state: not at safepoint (normal execution)

VM Mutex/Monitor currently owned by a thread:  ([mutex/lock_event])
[0x00007ffa3ccbc1a0] Metaspace_lock - owner thread: 0x000001e98960ba40

Heap address: 0x0000000080000000, size: 2048 MB, Compressed Oops mode: 32-bit

CDS archive(s) not mapped
Compressed class space mapped at: 0x0000000100000000-0x0000000140000000, reserved size: 1073741824
Narrow klass base: 0x0000000000000000, Narrow klass shift: 3, Narrow klass range: 0x140000000

GC Precious Log:
 CardTable entry size: 512
 Card Set container configuration: InlinePtr #cards 5 size 8 Array Of Cards #cards 12 size 40 Howl #buckets 4 coarsen threshold 1843 Howl Bitmap #cards 512 size 80 coarsen threshold 460 Card regions per heap region 1 cards per card region 2048
 CPUs: 4 total, 4 available
 Memory: 7894M
 Large Page Support: Disabled
 NUMA Support: Disabled
 Compressed Oops: Enabled (32-bit)
 Heap Region Size: 1M
 Heap Min Capacity: 8M
 Heap Initial Capacity: 124M
 Heap Max Capacity: 2G
 Pre-touch: Disabled
 Parallel Workers: 4
 Concurrent Workers: 1
 Concurrent Refinement Workers: 4
 Periodic GC: Disabled

Heap:
 garbage-first heap   total 490496K, used 304640K [0x0000000080000000, 0x0000000100000000)
  region size 1024K, 10 young (10240K), 5 survivors (5120K)
 Metaspace       used 229287K, committed 232256K, reserved 1310720K
  class space    used 28449K, committed 29952K, reserved 1048576K

Heap Regions: E=young(eden), S=young(survivor), O=old, HS=humongous(starts), HC=humongous(continues), CS=collection set, F=free, TAMS=top-at-mark-start, PB=parsable bottom
|   0|0x0000000080000000, 0x0000000080100000, 0x0000000080100000|100%|HS|  |TAMS 0x0000000080000000| PB 0x0000000080000000| Complete 
|   1|0x0000000080100000, 0x0000000080200000, 0x0000000080200000|100%|HC|  |TAMS 0x0000000080100000| PB 0x0000000080100000| Complete 
|   2|0x0000000080200000, 0x0000000080300000, 0x0000000080300000|100%|HC|  |TAMS 0x0000000080200000| PB 0x0000000080200000| Complete 
|   3|0x0000000080300000, 0x0000000080400000, 0x0000000080400000|100%|HC|  |TAMS 0x0000000080300000| PB 0x0000000080300000| Complete 
|   4|0x0000000080400000, 0x0000000080500000, 0x0000000080500000|100%| O|  |TAMS 0x0000000080400000| PB 0x0000000080400000| Untracked 
|   5|0x0000000080500000, 0x0000000080600000, 0x0000000080600000|100%| O|  |TAMS 0x0000000080500000| PB 0x0000000080500000| Untracked 
|   6|0x0000000080600000, 0x0000000080700000, 0x0000000080700000|100%| O|  |TAMS 0x0000000080600000| PB 0x0000000080600000| Untracked 
|   7|0x0000000080700000, 0x0000000080800000, 0x0000000080800000|100%|HS|  |TAMS 0x0000000080700000| PB 0x0000000080700000| Complete 
|   8|0x0000000080800000, 0x0000000080900000, 0x0000000080900000|100%| O|  |TAMS 0x0000000080800000| PB 0x0000000080800000| Untracked 
|   9|0x0000000080900000, 0x0000000080a00000, 0x0000000080a00000|100%| O|  |TAMS 0x0000000080900000| PB 0x0000000080900000| Untracked 
|  10|0x0000000080a00000, 0x0000000080b00000, 0x0000000080b00000|100%| O|  |TAMS 0x0000000080a00000| PB 0x0000000080a00000| Untracked 
|  11|0x0000000080b00000, 0x0000000080c00000, 0x0000000080c00000|100%| O|  |TAMS 0x0000000080b00000| PB 0x0000000080b00000| Untracked 
|  12|0x0000000080c00000, 0x0000000080d00000, 0x0000000080d00000|100%| O|  |TAMS 0x0000000080c00000| PB 0x0000000080c00000| Untracked 
|  13|0x0000000080d00000, 0x0000000080e00000, 0x0000000080e00000|100%| O|  |TAMS 0x0000000080d00000| PB 0x0000000080d00000| Untracked 
|  14|0x0000000080e00000, 0x0000000080f00000, 0x0000000080f00000|100%| O|  |TAMS 0x0000000080e00000| PB 0x0000000080e00000| Untracked 
|  15|0x0000000080f00000, 0x0000000081000000, 0x0000000081000000|100%| O|  |TAMS 0x0000000080f00000| PB 0x0000000080f00000| Untracked 
|  16|0x0000000081000000, 0x0000000081100000, 0x0000000081100000|100%| O|  |TAMS 0x0000000081000000| PB 0x0000000081000000| Untracked 
|  17|0x0000000081100000, 0x0000000081200000, 0x0000000081200000|100%| O|  |TAMS 0x0000000081100000| PB 0x0000000081100000| Untracked 
|  18|0x0000000081200000, 0x0000000081300000, 0x0000000081300000|100%| O|  |TAMS 0x0000000081200000| PB 0x0000000081200000| Untracked 
|  19|0x0000000081300000, 0x0000000081400000, 0x0000000081400000|100%| O|  |TAMS 0x0000000081300000| PB 0x0000000081300000| Untracked 
|  20|0x0000000081400000, 0x0000000081500000, 0x0000000081500000|100%| O|  |TAMS 0x0000000081400000| PB 0x0000000081400000| Untracked 
|  21|0x0000000081500000, 0x0000000081600000, 0x0000000081600000|100%|HS|  |TAMS 0x0000000081500000| PB 0x0000000081500000| Complete 
|  22|0x0000000081600000, 0x0000000081700000, 0x0000000081700000|100%|HC|  |TAMS 0x0000000081600000| PB 0x0000000081600000| Complete 
|  23|0x0000000081700000, 0x0000000081800000, 0x0000000081800000|100%|HC|  |TAMS 0x0000000081700000| PB 0x0000000081700000| Complete 
|  24|0x0000000081800000, 0x0000000081900000, 0x0000000081900000|100%|HC|  |TAMS 0x0000000081800000| PB 0x0000000081800000| Complete 
|  25|0x0000000081900000, 0x0000000081a00000, 0x0000000081a00000|100%|HC|  |TAMS 0x0000000081900000| PB 0x0000000081900000| Complete 
|  26|0x0000000081a00000, 0x0000000081b00000, 0x0000000081b00000|100%|HC|  |TAMS 0x0000000081a00000| PB 0x0000000081a00000| Complete 
|  27|0x0000000081b00000, 0x0000000081c00000, 0x0000000081c00000|100%|HS|  |TAMS 0x0000000081b00000| PB 0x0000000081b00000| Complete 
|  28|0x0000000081c00000, 0x0000000081d00000, 0x0000000081d00000|100%|HC|  |TAMS 0x0000000081c00000| PB 0x0000000081c00000| Complete 
|  29|0x0000000081d00000, 0x0000000081e00000, 0x0000000081e00000|100%|HC|  |TAMS 0x0000000081d00000| PB 0x0000000081d00000| Complete 
|  30|0x0000000081e00000, 0x0000000081f00000, 0x0000000081f00000|100%|HC|  |TAMS 0x0000000081e00000| PB 0x0000000081e00000| Complete 
|  31|0x0000000081f00000, 0x0000000082000000, 0x0000000082000000|100%|HS|  |TAMS 0x0000000081f00000| PB 0x0000000081f00000| Complete 
|  32|0x0000000082000000, 0x0000000082100000, 0x0000000082100000|100%|HC|  |TAMS 0x0000000082000000| PB 0x0000000082000000| Complete 
|  33|0x0000000082100000, 0x0000000082200000, 0x0000000082200000|100%| O|  |TAMS 0x0000000082100000| PB 0x0000000082100000| Untracked 
|  34|0x0000000082200000, 0x0000000082300000, 0x0000000082300000|100%|HS|  |TAMS 0x0000000082200000| PB 0x0000000082200000| Complete 
|  35|0x0000000082300000, 0x0000000082400000, 0x0000000082400000|100%| O|  |TAMS 0x0000000082300000| PB 0x0000000082300000| Untracked 
|  36|0x0000000082400000, 0x0000000082500000, 0x0000000082500000|100%| O|  |TAMS 0x0000000082400000| PB 0x0000000082400000| Untracked 
|  37|0x0000000082500000, 0x0000000082600000, 0x0000000082600000|100%| O|  |TAMS 0x0000000082500000| PB 0x0000000082500000| Untracked 
|  38|0x0000000082600000, 0x0000000082700000, 0x0000000082700000|100%| O|  |TAMS 0x0000000082600000| PB 0x0000000082600000| Untracked 
|  39|0x0000000082700000, 0x0000000082800000, 0x0000000082800000|100%| O|  |TAMS 0x0000000082700000| PB 0x0000000082700000| Untracked 
|  40|0x0000000082800000, 0x0000000082900000, 0x0000000082900000|100%| O|  |TAMS 0x0000000082800000| PB 0x0000000082800000| Untracked 
|  41|0x0000000082900000, 0x0000000082a00000, 0x0000000082a00000|100%| O|  |TAMS 0x0000000082900000| PB 0x0000000082900000| Untracked 
|  42|0x0000000082a00000, 0x0000000082b00000, 0x0000000082b00000|100%| O|  |TAMS 0x0000000082a00000| PB 0x0000000082a00000| Untracked 
|  43|0x0000000082b00000, 0x0000000082c00000, 0x0000000082c00000|100%| O|  |TAMS 0x0000000082b00000| PB 0x0000000082b00000| Untracked 
|  44|0x0000000082c00000, 0x0000000082d00000, 0x0000000082d00000|100%| O|  |TAMS 0x0000000082c00000| PB 0x0000000082c00000| Untracked 
|  45|0x0000000082d00000, 0x0000000082e00000, 0x0000000082e00000|100%| O|  |TAMS 0x0000000082d00000| PB 0x0000000082d00000| Untracked 
|  46|0x0000000082e00000, 0x0000000082f00000, 0x0000000082f00000|100%| O|  |TAMS 0x0000000082e00000| PB 0x0000000082e00000| Untracked 
|  47|0x0000000082f00000, 0x0000000083000000, 0x0000000083000000|100%| O|  |TAMS 0x0000000082f00000| PB 0x0000000082f00000| Untracked 
|  48|0x0000000083000000, 0x0000000083100000, 0x0000000083100000|100%| O|  |TAMS 0x0000000083000000| PB 0x0000000083000000| Untracked 
|  49|0x0000000083100000, 0x0000000083200000, 0x0000000083200000|100%| O|  |TAMS 0x0000000083100000| PB 0x0000000083100000| Untracked 
|  50|0x0000000083200000, 0x0000000083300000, 0x0000000083300000|100%|HS|  |TAMS 0x0000000083200000| PB 0x0000000083200000| Complete 
|  51|0x0000000083300000, 0x0000000083400000, 0x0000000083400000|100%|HC|  |TAMS 0x0000000083300000| PB 0x0000000083300000| Complete 
|  52|0x0000000083400000, 0x0000000083500000, 0x0000000083500000|100%| O|  |TAMS 0x0000000083400000| PB 0x0000000083400000| Untracked 
|  53|0x0000000083500000, 0x0000000083600000, 0x0000000083600000|100%| O|  |TAMS 0x0000000083500000| PB 0x0000000083500000| Untracked 
|  54|0x0000000083600000, 0x0000000083700000, 0x0000000083700000|100%| O|  |TAMS 0x0000000083600000| PB 0x0000000083600000| Untracked 
|  55|0x0000000083700000, 0x0000000083800000, 0x0000000083800000|100%| O|  |TAMS 0x0000000083700000| PB 0x0000000083700000| Untracked 
|  56|0x0000000083800000, 0x0000000083900000, 0x0000000083900000|100%| O|  |TAMS 0x0000000083800000| PB 0x0000000083800000| Untracked 
|  57|0x0000000083900000, 0x0000000083a00000, 0x0000000083a00000|100%|HS|  |TAMS 0x0000000083900000| PB 0x0000000083900000| Complete 
|  58|0x0000000083a00000, 0x0000000083b00000, 0x0000000083b00000|100%|HC|  |TAMS 0x0000000083a00000| PB 0x0000000083a00000| Complete 
|  59|0x0000000083b00000, 0x0000000083c00000, 0x0000000083c00000|100%|HC|  |TAMS 0x0000000083b00000| PB 0x0000000083b00000| Complete 
|  60|0x0000000083c00000, 0x0000000083d00000, 0x0000000083d00000|100%|HC|  |TAMS 0x0000000083c00000| PB 0x0000000083c00000| Complete 
|  61|0x0000000083d00000, 0x0000000083e00000, 0x0000000083e00000|100%|HC|  |TAMS 0x0000000083d00000| PB 0x0000000083d00000| Complete 
|  62|0x0000000083e00000, 0x0000000083f00000, 0x0000000083f00000|100%|HC|  |TAMS 0x0000000083e00000| PB 0x0000000083e00000| Complete 
|  63|0x0000000083f00000, 0x0000000084000000, 0x0000000084000000|100%|HS|  |TAMS 0x0000000083f00000| PB 0x0000000083f00000| Complete 
|  64|0x0000000084000000, 0x0000000084100000, 0x0000000084100000|100%|HC|  |TAMS 0x0000000084000000| PB 0x0000000084000000| Complete 
|  65|0x0000000084100000, 0x0000000084200000, 0x0000000084200000|100%|HC|  |TAMS 0x0000000084100000| PB 0x0000000084100000| Complete 
|  66|0x0000000084200000, 0x0000000084300000, 0x0000000084300000|100%|HC|  |TAMS 0x0000000084200000| PB 0x0000000084200000| Complete 
|  67|0x0000000084300000, 0x0000000084400000, 0x0000000084400000|100%|HC|  |TAMS 0x0000000084300000| PB 0x0000000084300000| Complete 
|  68|0x0000000084400000, 0x0000000084500000, 0x0000000084500000|100%|HC|  |TAMS 0x0000000084400000| PB 0x0000000084400000| Complete 
|  69|0x0000000084500000, 0x0000000084600000, 0x0000000084600000|100%|HS|  |TAMS 0x0000000084500000| PB 0x0000000084500000| Complete 
|  70|0x0000000084600000, 0x0000000084700000, 0x0000000084700000|100%| O|  |TAMS 0x0000000084600000| PB 0x0000000084600000| Untracked 
|  71|0x0000000084700000, 0x0000000084800000, 0x0000000084800000|100%| O|  |TAMS 0x0000000084700000| PB 0x0000000084700000| Untracked 
|  72|0x0000000084800000, 0x0000000084900000, 0x0000000084900000|100%| O|  |TAMS 0x0000000084800000| PB 0x0000000084800000| Untracked 
|  73|0x0000000084900000, 0x0000000084a00000, 0x0000000084a00000|100%| O|  |TAMS 0x0000000084900000| PB 0x0000000084900000| Untracked 
|  74|0x0000000084a00000, 0x0000000084b00000, 0x0000000084b00000|100%| O|  |TAMS 0x0000000084a00000| PB 0x0000000084a00000| Untracked 
|  75|0x0000000084b00000, 0x0000000084c00000, 0x0000000084c00000|100%| O|  |TAMS 0x0000000084b00000| PB 0x0000000084b00000| Untracked 
|  76|0x0000000084c00000, 0x0000000084d00000, 0x0000000084d00000|100%| O|  |TAMS 0x0000000084c00000| PB 0x0000000084c00000| Untracked 
|  77|0x0000000084d00000, 0x0000000084e00000, 0x0000000084e00000|100%| O|  |TAMS 0x0000000084d00000| PB 0x0000000084d00000| Untracked 
|  78|0x0000000084e00000, 0x0000000084f00000, 0x0000000084f00000|100%| O|  |TAMS 0x0000000084e00000| PB 0x0000000084e00000| Untracked 
|  79|0x0000000084f00000, 0x0000000085000000, 0x0000000085000000|100%| O|  |TAMS 0x0000000084f00000| PB 0x0000000084f00000| Untracked 
|  80|0x0000000085000000, 0x0000000085100000, 0x0000000085100000|100%| O|  |TAMS 0x0000000085000000| PB 0x0000000085000000| Untracked 
|  81|0x0000000085100000, 0x0000000085200000, 0x0000000085200000|100%| O|  |TAMS 0x0000000085100000| PB 0x0000000085100000| Untracked 
|  82|0x0000000085200000, 0x0000000085300000, 0x0000000085300000|100%| O|  |TAMS 0x0000000085200000| PB 0x0000000085200000| Untracked 
|  83|0x0000000085300000, 0x0000000085400000, 0x0000000085400000|100%| O|  |TAMS 0x0000000085300000| PB 0x0000000085300000| Untracked 
|  84|0x0000000085400000, 0x0000000085500000, 0x0000000085500000|100%| O|  |TAMS 0x0000000085400000| PB 0x0000000085400000| Untracked 
|  85|0x0000000085500000, 0x0000000085600000, 0x0000000085600000|100%| O|  |TAMS 0x0000000085500000| PB 0x0000000085500000| Untracked 
|  86|0x0000000085600000, 0x0000000085700000, 0x0000000085700000|100%| O|  |TAMS 0x0000000085600000| PB 0x0000000085600000| Untracked 
|  87|0x0000000085700000, 0x0000000085800000, 0x0000000085800000|100%| O|  |TAMS 0x0000000085700000| PB 0x0000000085700000| Untracked 
|  88|0x0000000085800000, 0x0000000085900000, 0x0000000085900000|100%| O|  |TAMS 0x0000000085800000| PB 0x0000000085800000| Untracked 
|  89|0x0000000085900000, 0x0000000085a00000, 0x0000000085a00000|100%| O|  |TAMS 0x0000000085900000| PB 0x0000000085900000| Untracked 
|  90|0x0000000085a00000, 0x0000000085b00000, 0x0000000085b00000|100%| O|  |TAMS 0x0000000085a00000| PB 0x0000000085a00000| Untracked 
|  91|0x0000000085b00000, 0x0000000085c00000, 0x0000000085c00000|100%| O|  |TAMS 0x0000000085b00000| PB 0x0000000085b00000| Untracked 
|  92|0x0000000085c00000, 0x0000000085d00000, 0x0000000085d00000|100%| O|  |TAMS 0x0000000085c00000| PB 0x0000000085c00000| Untracked 
|  93|0x0000000085d00000, 0x0000000085e00000, 0x0000000085e00000|100%| O|  |TAMS 0x0000000085d00000| PB 0x0000000085d00000| Untracked 
|  94|0x0000000085e00000, 0x0000000085f00000, 0x0000000085f00000|100%| O|  |TAMS 0x0000000085e00000| PB 0x0000000085e00000| Untracked 
|  95|0x0000000085f00000, 0x0000000086000000, 0x0000000086000000|100%| O|  |TAMS 0x0000000085f00000| PB 0x0000000085f00000| Untracked 
|  96|0x0000000086000000, 0x0000000086100000, 0x0000000086100000|100%| O|  |TAMS 0x0000000086000000| PB 0x0000000086000000| Untracked 
|  97|0x0000000086100000, 0x0000000086200000, 0x0000000086200000|100%| O|  |TAMS 0x0000000086100000| PB 0x0000000086100000| Untracked 
|  98|0x0000000086200000, 0x0000000086300000, 0x0000000086300000|100%| O|  |TAMS 0x0000000086200000| PB 0x0000000086200000| Untracked 
|  99|0x0000000086300000, 0x0000000086400000, 0x0000000086400000|100%| O|  |TAMS 0x0000000086300000| PB 0x0000000086300000| Untracked 
| 100|0x0000000086400000, 0x0000000086500000, 0x0000000086500000|100%| O|  |TAMS 0x0000000086400000| PB 0x0000000086400000| Untracked 
| 101|0x0000000086500000, 0x0000000086500000, 0x0000000086600000|  0%| F|  |TAMS 0x0000000086500000| PB 0x0000000086500000| Untracked 
| 102|0x0000000086600000, 0x0000000086700000, 0x0000000086700000|100%| O|  |TAMS 0x0000000086600000| PB 0x0000000086600000| Untracked 
| 103|0x0000000086700000, 0x0000000086800000, 0x0000000086800000|100%| O|  |TAMS 0x0000000086700000| PB 0x0000000086700000| Untracked 
| 104|0x0000000086800000, 0x0000000086900000, 0x0000000086900000|100%| O|  |TAMS 0x0000000086800000| PB 0x0000000086800000| Untracked 
| 105|0x0000000086900000, 0x0000000086a00000, 0x0000000086a00000|100%| O|  |TAMS 0x0000000086900000| PB 0x0000000086900000| Untracked 
| 106|0x0000000086a00000, 0x0000000086b00000, 0x0000000086b00000|100%| O|  |TAMS 0x0000000086a00000| PB 0x0000000086a00000| Untracked 
| 107|0x0000000086b00000, 0x0000000086c00000, 0x0000000086c00000|100%| O|  |TAMS 0x0000000086b00000| PB 0x0000000086b00000| Untracked 
| 108|0x0000000086c00000, 0x0000000086d00000, 0x0000000086d00000|100%| O|  |TAMS 0x0000000086c00000| PB 0x0000000086c00000| Untracked 
| 109|0x0000000086d00000, 0x0000000086e00000, 0x0000000086e00000|100%| O|  |TAMS 0x0000000086d00000| PB 0x0000000086d00000| Untracked 
| 110|0x0000000086e00000, 0x0000000086f00000, 0x0000000086f00000|100%| O|  |TAMS 0x0000000086e00000| PB 0x0000000086e00000| Untracked 
| 111|0x0000000086f00000, 0x0000000087000000, 0x0000000087000000|100%| O|  |TAMS 0x0000000086f00000| PB 0x0000000086f00000| Untracked 
| 112|0x0000000087000000, 0x0000000087100000, 0x0000000087100000|100%| O|  |TAMS 0x0000000087000000| PB 0x0000000087000000| Untracked 
| 113|0x0000000087100000, 0x0000000087200000, 0x0000000087200000|100%| O|  |TAMS 0x0000000087100000| PB 0x0000000087100000| Untracked 
| 114|0x0000000087200000, 0x0000000087300000, 0x0000000087300000|100%| O|  |TAMS 0x0000000087200000| PB 0x0000000087200000| Untracked 
| 115|0x0000000087300000, 0x0000000087400000, 0x0000000087400000|100%|HS|  |TAMS 0x0000000087300000| PB 0x0000000087300000| Complete 
| 116|0x0000000087400000, 0x0000000087500000, 0x0000000087500000|100%| O|  |TAMS 0x0000000087400000| PB 0x0000000087400000| Untracked 
| 117|0x0000000087500000, 0x0000000087600000, 0x0000000087600000|100%| O|  |TAMS 0x0000000087500000| PB 0x0000000087500000| Untracked 
| 118|0x0000000087600000, 0x0000000087700000, 0x0000000087700000|100%| O|  |TAMS 0x0000000087600000| PB 0x0000000087600000| Untracked 
| 119|0x0000000087700000, 0x0000000087800000, 0x0000000087800000|100%| O|  |TAMS 0x0000000087700000| PB 0x0000000087700000| Untracked 
| 120|0x0000000087800000, 0x0000000087900000, 0x0000000087900000|100%| O|  |TAMS 0x0000000087800000| PB 0x0000000087800000| Untracked 
| 121|0x0000000087900000, 0x0000000087a00000, 0x0000000087a00000|100%| O|  |TAMS 0x0000000087900000| PB 0x0000000087900000| Untracked 
| 122|0x0000000087a00000, 0x0000000087b00000, 0x0000000087b00000|100%| O|  |TAMS 0x0000000087a00000| PB 0x0000000087a00000| Untracked 
| 123|0x0000000087b00000, 0x0000000087c00000, 0x0000000087c00000|100%| O|  |TAMS 0x0000000087b00000| PB 0x0000000087b00000| Untracked 
| 124|0x0000000087c00000, 0x0000000087d00000, 0x0000000087d00000|100%| O|  |TAMS 0x0000000087c00000| PB 0x0000000087c00000| Untracked 
| 125|0x0000000087d00000, 0x0000000087e00000, 0x0000000087e00000|100%| O|  |TAMS 0x0000000087d00000| PB 0x0000000087d00000| Untracked 
| 126|0x0000000087e00000, 0x0000000087f00000, 0x0000000087f00000|100%| O|  |TAMS 0x0000000087e00000| PB 0x0000000087e00000| Untracked 
| 127|0x0000000087f00000, 0x0000000088000000, 0x0000000088000000|100%| O|  |TAMS 0x0000000087f00000| PB 0x0000000087f00000| Untracked 
| 128|0x0000000088000000, 0x0000000088100000, 0x0000000088100000|100%| O|  |TAMS 0x0000000088000000| PB 0x0000000088000000| Untracked 
| 129|0x0000000088100000, 0x0000000088200000, 0x0000000088200000|100%| O|  |TAMS 0x0000000088100000| PB 0x0000000088100000| Untracked 
| 130|0x0000000088200000, 0x0000000088300000, 0x0000000088300000|100%| O|  |TAMS 0x0000000088200000| PB 0x0000000088200000| Untracked 
| 131|0x0000000088300000, 0x0000000088400000, 0x0000000088400000|100%| O|  |TAMS 0x0000000088300000| PB 0x0000000088300000| Untracked 
| 132|0x0000000088400000, 0x0000000088500000, 0x0000000088500000|100%| O|  |TAMS 0x0000000088400000| PB 0x0000000088400000| Untracked 
| 133|0x0000000088500000, 0x0000000088600000, 0x0000000088600000|100%| O|  |TAMS 0x0000000088500000| PB 0x0000000088500000| Untracked 
| 134|0x0000000088600000, 0x0000000088700000, 0x0000000088700000|100%|HS|  |TAMS 0x0000000088600000| PB 0x0000000088600000| Complete 
| 135|0x0000000088700000, 0x0000000088800000, 0x0000000088800000|100%|HS|  |TAMS 0x0000000088700000| PB 0x0000000088700000| Complete 
| 136|0x0000000088800000, 0x0000000088900000, 0x0000000088900000|100%|HS|  |TAMS 0x0000000088800000| PB 0x0000000088800000| Complete 
| 137|0x0000000088900000, 0x0000000088a00000, 0x0000000088a00000|100%|HC|  |TAMS 0x0000000088900000| PB 0x0000000088900000| Complete 
| 138|0x0000000088a00000, 0x0000000088b00000, 0x0000000088b00000|100%| O|  |TAMS 0x0000000088a00000| PB 0x0000000088a00000| Untracked 
| 139|0x0000000088b00000, 0x0000000088c00000, 0x0000000088c00000|100%| O|  |TAMS 0x0000000088b00000| PB 0x0000000088b00000| Untracked 
| 140|0x0000000088c00000, 0x0000000088d00000, 0x0000000088d00000|100%| O|  |TAMS 0x0000000088c00000| PB 0x0000000088c00000| Untracked 
| 141|0x0000000088d00000, 0x0000000088e00000, 0x0000000088e00000|100%| O|  |TAMS 0x0000000088d00000| PB 0x0000000088d00000| Untracked 
| 142|0x0000000088e00000, 0x0000000088f00000, 0x0000000088f00000|100%|HS|  |TAMS 0x0000000088e00000| PB 0x0000000088e00000| Complete 
| 143|0x0000000088f00000, 0x0000000089000000, 0x0000000089000000|100%|HC|  |TAMS 0x0000000088f00000| PB 0x0000000088f00000| Complete 
| 144|0x0000000089000000, 0x0000000089100000, 0x0000000089100000|100%|HC|  |TAMS 0x0000000089000000| PB 0x0000000089000000| Complete 
| 145|0x0000000089100000, 0x0000000089200000, 0x0000000089200000|100%| O|  |TAMS 0x0000000089100000| PB 0x0000000089100000| Untracked 
| 146|0x0000000089200000, 0x0000000089300000, 0x0000000089300000|100%| O|  |TAMS 0x0000000089200000| PB 0x0000000089200000| Untracked 
| 147|0x0000000089300000, 0x0000000089400000, 0x0000000089400000|100%| O|  |TAMS 0x0000000089300000| PB 0x0000000089300000| Untracked 
| 148|0x0000000089400000, 0x0000000089500000, 0x0000000089500000|100%| O|  |TAMS 0x0000000089400000| PB 0x0000000089400000| Untracked 
| 149|0x0000000089500000, 0x0000000089600000, 0x0000000089600000|100%| O|  |TAMS 0x0000000089500000| PB 0x0000000089500000| Untracked 
| 150|0x0000000089600000, 0x0000000089700000, 0x0000000089700000|100%| O|  |TAMS 0x0000000089600000| PB 0x0000000089600000| Untracked 
| 151|0x0000000089700000, 0x0000000089800000, 0x0000000089800000|100%| O|  |TAMS 0x0000000089700000| PB 0x0000000089700000| Untracked 
| 152|0x0000000089800000, 0x0000000089900000, 0x0000000089900000|100%| O|  |TAMS 0x0000000089800000| PB 0x0000000089800000| Untracked 
| 153|0x0000000089900000, 0x0000000089a00000, 0x0000000089a00000|100%| O|  |TAMS 0x0000000089900000| PB 0x0000000089900000| Untracked 
| 154|0x0000000089a00000, 0x0000000089b00000, 0x0000000089b00000|100%|HS|  |TAMS 0x0000000089a00000| PB 0x0000000089a00000| Complete 
| 155|0x0000000089b00000, 0x0000000089c00000, 0x0000000089c00000|100%|HC|  |TAMS 0x0000000089b00000| PB 0x0000000089b00000| Complete 
| 156|0x0000000089c00000, 0x0000000089d00000, 0x0000000089d00000|100%|HS|  |TAMS 0x0000000089c00000| PB 0x0000000089c00000| Complete 
| 157|0x0000000089d00000, 0x0000000089e00000, 0x0000000089e00000|100%|HS|  |TAMS 0x0000000089d00000| PB 0x0000000089d00000| Complete 
| 158|0x0000000089e00000, 0x0000000089f00000, 0x0000000089f00000|100%|HS|  |TAMS 0x0000000089e00000| PB 0x0000000089e00000| Complete 
| 159|0x0000000089f00000, 0x000000008a000000, 0x000000008a000000|100%| O|  |TAMS 0x0000000089f00000| PB 0x0000000089f00000| Untracked 
| 160|0x000000008a000000, 0x000000008a100000, 0x000000008a100000|100%|HS|  |TAMS 0x000000008a000000| PB 0x000000008a000000| Complete 
| 161|0x000000008a100000, 0x000000008a200000, 0x000000008a200000|100%|HS|  |TAMS 0x000000008a100000| PB 0x000000008a100000| Complete 
| 162|0x000000008a200000, 0x000000008a300000, 0x000000008a300000|100%|HC|  |TAMS 0x000000008a200000| PB 0x000000008a200000| Complete 
| 163|0x000000008a300000, 0x000000008a400000, 0x000000008a400000|100%|HC|  |TAMS 0x000000008a300000| PB 0x000000008a300000| Complete 
| 164|0x000000008a400000, 0x000000008a500000, 0x000000008a500000|100%| O|  |TAMS 0x000000008a400000| PB 0x000000008a400000| Untracked 
| 165|0x000000008a500000, 0x000000008a600000, 0x000000008a600000|100%| O|  |TAMS 0x000000008a500000| PB 0x000000008a500000| Untracked 
| 166|0x000000008a600000, 0x000000008a700000, 0x000000008a700000|100%| O|  |TAMS 0x000000008a600000| PB 0x000000008a600000| Untracked 
| 167|0x000000008a700000, 0x000000008a800000, 0x000000008a800000|100%| O|  |TAMS 0x000000008a700000| PB 0x000000008a700000| Untracked 
| 168|0x000000008a800000, 0x000000008a900000, 0x000000008a900000|100%| O|  |TAMS 0x000000008a800000| PB 0x000000008a800000| Untracked 
| 169|0x000000008a900000, 0x000000008aa00000, 0x000000008aa00000|100%| O|  |TAMS 0x000000008a900000| PB 0x000000008a900000| Untracked 
| 170|0x000000008aa00000, 0x000000008ab00000, 0x000000008ab00000|100%| O|  |TAMS 0x000000008aa00000| PB 0x000000008aa00000| Untracked 
| 171|0x000000008ab00000, 0x000000008ac00000, 0x000000008ac00000|100%| O|  |TAMS 0x000000008ab00000| PB 0x000000008ab00000| Untracked 
| 172|0x000000008ac00000, 0x000000008ad00000, 0x000000008ad00000|100%| O|  |TAMS 0x000000008ac00000| PB 0x000000008ac00000| Untracked 
| 173|0x000000008ad00000, 0x000000008ae00000, 0x000000008ae00000|100%| O|  |TAMS 0x000000008ad00000| PB 0x000000008ad00000| Untracked 
| 174|0x000000008ae00000, 0x000000008af00000, 0x000000008af00000|100%| O|  |TAMS 0x000000008ae00000| PB 0x000000008ae00000| Untracked 
| 175|0x000000008af00000, 0x000000008b000000, 0x000000008b000000|100%| O|  |TAMS 0x000000008af00000| PB 0x000000008af00000| Untracked 
| 176|0x000000008b000000, 0x000000008b100000, 0x000000008b100000|100%| O|  |TAMS 0x000000008b000000| PB 0x000000008b000000| Untracked 
| 177|0x000000008b100000, 0x000000008b200000, 0x000000008b200000|100%| O|  |TAMS 0x000000008b100000| PB 0x000000008b100000| Untracked 
| 178|0x000000008b200000, 0x000000008b300000, 0x000000008b300000|100%| O|  |TAMS 0x000000008b200000| PB 0x000000008b200000| Untracked 
| 179|0x000000008b300000, 0x000000008b400000, 0x000000008b400000|100%| O|  |TAMS 0x000000008b300000| PB 0x000000008b300000| Untracked 
| 180|0x000000008b400000, 0x000000008b500000, 0x000000008b500000|100%| O|  |TAMS 0x000000008b400000| PB 0x000000008b400000| Untracked 
| 181|0x000000008b500000, 0x000000008b600000, 0x000000008b600000|100%| O|  |TAMS 0x000000008b500000| PB 0x000000008b500000| Untracked 
| 182|0x000000008b600000, 0x000000008b700000, 0x000000008b700000|100%| O|  |TAMS 0x000000008b600000| PB 0x000000008b600000| Untracked 
| 183|0x000000008b700000, 0x000000008b800000, 0x000000008b800000|100%| O|  |TAMS 0x000000008b700000| PB 0x000000008b700000| Untracked 
| 184|0x000000008b800000, 0x000000008b900000, 0x000000008b900000|100%| O|  |TAMS 0x000000008b800000| PB 0x000000008b800000| Untracked 
| 185|0x000000008b900000, 0x000000008ba00000, 0x000000008ba00000|100%| O|  |TAMS 0x000000008b900000| PB 0x000000008b900000| Untracked 
| 186|0x000000008ba00000, 0x000000008bb00000, 0x000000008bb00000|100%| O|  |TAMS 0x000000008ba00000| PB 0x000000008ba00000| Untracked 
| 187|0x000000008bb00000, 0x000000008bc00000, 0x000000008bc00000|100%| O|  |TAMS 0x000000008bb00000| PB 0x000000008bb00000| Untracked 
| 188|0x000000008bc00000, 0x000000008bd00000, 0x000000008bd00000|100%| O|  |TAMS 0x000000008bc00000| PB 0x000000008bc00000| Untracked 
| 189|0x000000008bd00000, 0x000000008be00000, 0x000000008be00000|100%| O|  |TAMS 0x000000008bd00000| PB 0x000000008bd00000| Untracked 
| 190|0x000000008be00000, 0x000000008bf00000, 0x000000008bf00000|100%| O|  |TAMS 0x000000008be00000| PB 0x000000008be00000| Untracked 
| 191|0x000000008bf00000, 0x000000008c000000, 0x000000008c000000|100%| O|  |TAMS 0x000000008bf00000| PB 0x000000008bf00000| Untracked 
| 192|0x000000008c000000, 0x000000008c100000, 0x000000008c100000|100%| O|  |TAMS 0x000000008c000000| PB 0x000000008c000000| Untracked 
| 193|0x000000008c100000, 0x000000008c200000, 0x000000008c200000|100%| O|  |TAMS 0x000000008c100000| PB 0x000000008c100000| Untracked 
| 194|0x000000008c200000, 0x000000008c300000, 0x000000008c300000|100%| O|  |TAMS 0x000000008c200000| PB 0x000000008c200000| Untracked 
| 195|0x000000008c300000, 0x000000008c400000, 0x000000008c400000|100%|HS|  |TAMS 0x000000008c300000| PB 0x000000008c300000| Complete 
| 196|0x000000008c400000, 0x000000008c500000, 0x000000008c500000|100%|HC|  |TAMS 0x000000008c400000| PB 0x000000008c400000| Complete 
| 197|0x000000008c500000, 0x000000008c600000, 0x000000008c600000|100%|HS|  |TAMS 0x000000008c500000| PB 0x000000008c500000| Complete 
| 198|0x000000008c600000, 0x000000008c700000, 0x000000008c700000|100%|HC|  |TAMS 0x000000008c600000| PB 0x000000008c600000| Complete 
| 199|0x000000008c700000, 0x000000008c800000, 0x000000008c800000|100%|HC|  |TAMS 0x000000008c700000| PB 0x000000008c700000| Complete 
| 200|0x000000008c800000, 0x000000008c900000, 0x000000008c900000|100%|HC|  |TAMS 0x000000008c800000| PB 0x000000008c800000| Complete 
| 201|0x000000008c900000, 0x000000008ca00000, 0x000000008ca00000|100%|HC|  |TAMS 0x000000008c900000| PB 0x000000008c900000| Complete 
| 202|0x000000008ca00000, 0x000000008cb00000, 0x000000008cb00000|100%|HC|  |TAMS 0x000000008ca00000| PB 0x000000008ca00000| Complete 
| 203|0x000000008cb00000, 0x000000008cc00000, 0x000000008cc00000|100%|HS|  |TAMS 0x000000008cb00000| PB 0x000000008cb00000| Complete 
| 204|0x000000008cc00000, 0x000000008cd00000, 0x000000008cd00000|100%|HC|  |TAMS 0x000000008cc00000| PB 0x000000008cc00000| Complete 
| 205|0x000000008cd00000, 0x000000008ce00000, 0x000000008ce00000|100%|HC|  |TAMS 0x000000008cd00000| PB 0x000000008cd00000| Complete 
| 206|0x000000008ce00000, 0x000000008cf00000, 0x000000008cf00000|100%|HC|  |TAMS 0x000000008ce00000| PB 0x000000008ce00000| Complete 
| 207|0x000000008cf00000, 0x000000008d000000, 0x000000008d000000|100%|HS|  |TAMS 0x000000008cf00000| PB 0x000000008cf00000| Complete 
| 208|0x000000008d000000, 0x000000008d100000, 0x000000008d100000|100%|HC|  |TAMS 0x000000008d000000| PB 0x000000008d000000| Complete 
| 209|0x000000008d100000, 0x000000008d200000, 0x000000008d200000|100%|HS|  |TAMS 0x000000008d100000| PB 0x000000008d100000| Complete 
| 210|0x000000008d200000, 0x000000008d300000, 0x000000008d300000|100%| O|  |TAMS 0x000000008d200000| PB 0x000000008d200000| Untracked 
| 211|0x000000008d300000, 0x000000008d400000, 0x000000008d400000|100%| O|  |TAMS 0x000000008d300000| PB 0x000000008d300000| Untracked 
| 212|0x000000008d400000, 0x000000008d500000, 0x000000008d500000|100%| O|  |TAMS 0x000000008d400000| PB 0x000000008d400000| Untracked 
| 213|0x000000008d500000, 0x000000008d600000, 0x000000008d600000|100%| O|  |TAMS 0x000000008d500000| PB 0x000000008d500000| Untracked 
| 214|0x000000008d600000, 0x000000008d700000, 0x000000008d700000|100%| O|  |TAMS 0x000000008d600000| PB 0x000000008d600000| Untracked 
| 215|0x000000008d700000, 0x000000008d800000, 0x000000008d800000|100%| O|  |TAMS 0x000000008d700000| PB 0x000000008d700000| Untracked 
| 216|0x000000008d800000, 0x000000008d900000, 0x000000008d900000|100%| O|  |TAMS 0x000000008d800000| PB 0x000000008d800000| Untracked 
| 217|0x000000008d900000, 0x000000008da00000, 0x000000008da00000|100%| O|  |TAMS 0x000000008d900000| PB 0x000000008d900000| Untracked 
| 218|0x000000008da00000, 0x000000008db00000, 0x000000008db00000|100%| O|  |TAMS 0x000000008da00000| PB 0x000000008da00000| Untracked 
| 219|0x000000008db00000, 0x000000008dc00000, 0x000000008dc00000|100%| O|  |TAMS 0x000000008db00000| PB 0x000000008db00000| Untracked 
| 220|0x000000008dc00000, 0x000000008dd00000, 0x000000008dd00000|100%| O|  |TAMS 0x000000008dc00000| PB 0x000000008dc00000| Untracked 
| 221|0x000000008dd00000, 0x000000008de00000, 0x000000008de00000|100%| O|  |TAMS 0x000000008dd00000| PB 0x000000008dd00000| Untracked 
| 222|0x000000008de00000, 0x000000008df00000, 0x000000008df00000|100%| O|  |TAMS 0x000000008de00000| PB 0x000000008de00000| Untracked 
| 223|0x000000008df00000, 0x000000008e000000, 0x000000008e000000|100%| O|  |TAMS 0x000000008df00000| PB 0x000000008df00000| Untracked 
| 224|0x000000008e000000, 0x000000008e100000, 0x000000008e100000|100%| O|  |TAMS 0x000000008e000000| PB 0x000000008e000000| Untracked 
| 225|0x000000008e100000, 0x000000008e200000, 0x000000008e200000|100%| O|  |TAMS 0x000000008e100000| PB 0x000000008e100000| Untracked 
| 226|0x000000008e200000, 0x000000008e300000, 0x000000008e300000|100%| O|  |TAMS 0x000000008e200000| PB 0x000000008e200000| Untracked 
| 227|0x000000008e300000, 0x000000008e400000, 0x000000008e400000|100%| O|  |TAMS 0x000000008e300000| PB 0x000000008e300000| Untracked 
| 228|0x000000008e400000, 0x000000008e500000, 0x000000008e500000|100%| O|  |TAMS 0x000000008e400000| PB 0x000000008e400000| Untracked 
| 229|0x000000008e500000, 0x000000008e600000, 0x000000008e600000|100%| O|  |TAMS 0x000000008e500000| PB 0x000000008e500000| Untracked 
| 230|0x000000008e600000, 0x000000008e700000, 0x000000008e700000|100%| O|  |TAMS 0x000000008e600000| PB 0x000000008e600000| Untracked 
| 231|0x000000008e700000, 0x000000008e800000, 0x000000008e800000|100%| O|  |TAMS 0x000000008e700000| PB 0x000000008e700000| Untracked 
| 232|0x000000008e800000, 0x000000008e900000, 0x000000008e900000|100%| O|  |TAMS 0x000000008e800000| PB 0x000000008e800000| Untracked 
| 233|0x000000008e900000, 0x000000008e900000, 0x000000008ea00000|  0%| F|  |TAMS 0x000000008e900000| PB 0x000000008e900000| Untracked 
| 234|0x000000008ea00000, 0x000000008ea00000, 0x000000008eb00000|  0%| F|  |TAMS 0x000000008ea00000| PB 0x000000008ea00000| Untracked 
| 235|0x000000008eb00000, 0x000000008eb00000, 0x000000008ec00000|  0%| F|  |TAMS 0x000000008eb00000| PB 0x000000008eb00000| Untracked 
| 236|0x000000008ec00000, 0x000000008ec00000, 0x000000008ed00000|  0%| F|  |TAMS 0x000000008ec00000| PB 0x000000008ec00000| Untracked 
| 237|0x000000008ed00000, 0x000000008ed00000, 0x000000008ee00000|  0%| F|  |TAMS 0x000000008ed00000| PB 0x000000008ed00000| Untracked 
| 238|0x000000008ee00000, 0x000000008ef00000, 0x000000008ef00000|100%| O|  |TAMS 0x000000008ee00000| PB 0x000000008ee00000| Untracked 
| 239|0x000000008ef00000, 0x000000008f000000, 0x000000008f000000|100%| O|  |TAMS 0x000000008ef00000| PB 0x000000008ef00000| Untracked 
| 240|0x000000008f000000, 0x000000008f100000, 0x000000008f100000|100%| O|  |TAMS 0x000000008f000000| PB 0x000000008f000000| Untracked 
| 241|0x000000008f100000, 0x000000008f200000, 0x000000008f200000|100%| O|  |TAMS 0x000000008f100000| PB 0x000000008f100000| Untracked 
| 242|0x000000008f200000, 0x000000008f300000, 0x000000008f300000|100%| O|  |TAMS 0x000000008f200000| PB 0x000000008f200000| Untracked 
| 243|0x000000008f300000, 0x000000008f400000, 0x000000008f400000|100%| O|  |TAMS 0x000000008f300000| PB 0x000000008f300000| Untracked 
| 244|0x000000008f400000, 0x000000008f400000, 0x000000008f500000|  0%| F|  |TAMS 0x000000008f400000| PB 0x000000008f400000| Untracked 
| 245|0x000000008f500000, 0x000000008f600000, 0x000000008f600000|100%| O|  |TAMS 0x000000008f500000| PB 0x000000008f500000| Untracked 
| 246|0x000000008f600000, 0x000000008f700000, 0x000000008f700000|100%| O|  |TAMS 0x000000008f600000| PB 0x000000008f600000| Untracked 
| 247|0x000000008f700000, 0x000000008f800000, 0x000000008f800000|100%| O|  |TAMS 0x000000008f700000| PB 0x000000008f700000| Untracked 
| 248|0x000000008f800000, 0x000000008f800000, 0x000000008f900000|  0%| F|  |TAMS 0x000000008f800000| PB 0x000000008f800000| Untracked 
| 249|0x000000008f900000, 0x000000008f900000, 0x000000008fa00000|  0%| F|  |TAMS 0x000000008f900000| PB 0x000000008f900000| Untracked 
| 250|0x000000008fa00000, 0x000000008fb00000, 0x000000008fb00000|100%| O|  |TAMS 0x000000008fa00000| PB 0x000000008fa00000| Untracked 
| 251|0x000000008fb00000, 0x000000008fc00000, 0x000000008fc00000|100%| O|  |TAMS 0x000000008fb00000| PB 0x000000008fb00000| Untracked 
| 252|0x000000008fc00000, 0x000000008fd00000, 0x000000008fd00000|100%| O|  |TAMS 0x000000008fc00000| PB 0x000000008fc00000| Untracked 
| 253|0x000000008fd00000, 0x000000008fe00000, 0x000000008fe00000|100%| O|  |TAMS 0x000000008fd00000| PB 0x000000008fd00000| Untracked 
| 254|0x000000008fe00000, 0x000000008ff00000, 0x000000008ff00000|100%| O|  |TAMS 0x000000008fe00000| PB 0x000000008fe00000| Untracked 
| 255|0x000000008ff00000, 0x0000000090000000, 0x0000000090000000|100%| O|  |TAMS 0x000000008ff00000| PB 0x000000008ff00000| Untracked 
| 256|0x0000000090000000, 0x0000000090100000, 0x0000000090100000|100%| O|  |TAMS 0x0000000090000000| PB 0x0000000090000000| Untracked 
| 257|0x0000000090100000, 0x0000000090200000, 0x0000000090200000|100%| O|  |TAMS 0x0000000090100000| PB 0x0000000090100000| Untracked 
| 258|0x0000000090200000, 0x0000000090200000, 0x0000000090300000|  0%| F|  |TAMS 0x0000000090200000| PB 0x0000000090200000| Untracked 
| 259|0x0000000090300000, 0x0000000090400000, 0x0000000090400000|100%| O|  |TAMS 0x0000000090300000| PB 0x0000000090300000| Untracked 
| 260|0x0000000090400000, 0x0000000090500000, 0x0000000090500000|100%| O|  |TAMS 0x0000000090400000| PB 0x0000000090400000| Untracked 
| 261|0x0000000090500000, 0x0000000090600000, 0x0000000090600000|100%| O|  |TAMS 0x0000000090500000| PB 0x0000000090500000| Untracked 
| 262|0x0000000090600000, 0x0000000090700000, 0x0000000090700000|100%| O|  |TAMS 0x0000000090600000| PB 0x0000000090600000| Untracked 
| 263|0x0000000090700000, 0x0000000090800000, 0x0000000090800000|100%| O|  |TAMS 0x0000000090700000| PB 0x0000000090700000| Untracked 
| 264|0x0000000090800000, 0x0000000090800000, 0x0000000090900000|  0%| F|  |TAMS 0x0000000090800000| PB 0x0000000090800000| Untracked 
| 265|0x0000000090900000, 0x0000000090a00000, 0x0000000090a00000|100%| O|  |TAMS 0x0000000090900000| PB 0x0000000090900000| Untracked 
| 266|0x0000000090a00000, 0x0000000090b00000, 0x0000000090b00000|100%| O|  |TAMS 0x0000000090a00000| PB 0x0000000090a00000| Untracked 
| 267|0x0000000090b00000, 0x0000000090c00000, 0x0000000090c00000|100%| O|  |TAMS 0x0000000090b00000| PB 0x0000000090b00000| Untracked 
| 268|0x0000000090c00000, 0x0000000090d00000, 0x0000000090d00000|100%| O|  |TAMS 0x0000000090c00000| PB 0x0000000090c00000| Untracked 
| 269|0x0000000090d00000, 0x0000000090e00000, 0x0000000090e00000|100%| O|  |TAMS 0x0000000090d00000| PB 0x0000000090d00000| Untracked 
| 270|0x0000000090e00000, 0x0000000090f00000, 0x0000000090f00000|100%| O|  |TAMS 0x0000000090e00000| PB 0x0000000090e00000| Untracked 
| 271|0x0000000090f00000, 0x0000000091000000, 0x0000000091000000|100%| O|  |TAMS 0x0000000090f00000| PB 0x0000000090f00000| Untracked 
| 272|0x0000000091000000, 0x0000000091100000, 0x0000000091100000|100%| O|  |TAMS 0x0000000091000000| PB 0x0000000091000000| Untracked 
| 273|0x0000000091100000, 0x0000000091200000, 0x0000000091200000|100%| O|  |TAMS 0x0000000091100000| PB 0x0000000091100000| Untracked 
| 274|0x0000000091200000, 0x0000000091300000, 0x0000000091300000|100%| O|  |TAMS 0x0000000091200000| PB 0x0000000091200000| Untracked 
| 275|0x0000000091300000, 0x0000000091400000, 0x0000000091400000|100%| O|  |TAMS 0x0000000091300000| PB 0x0000000091300000| Untracked 
| 276|0x0000000091400000, 0x0000000091500000, 0x0000000091500000|100%| O|  |TAMS 0x0000000091400000| PB 0x0000000091400000| Untracked 
| 277|0x0000000091500000, 0x0000000091600000, 0x0000000091600000|100%| O|  |TAMS 0x0000000091500000| PB 0x0000000091500000| Untracked 
| 278|0x0000000091600000, 0x0000000091700000, 0x0000000091700000|100%| O|  |TAMS 0x0000000091600000| PB 0x0000000091600000| Untracked 
| 279|0x0000000091700000, 0x0000000091800000, 0x0000000091800000|100%| O|  |TAMS 0x0000000091700000| PB 0x0000000091700000| Untracked 
| 280|0x0000000091800000, 0x0000000091900000, 0x0000000091900000|100%| O|  |TAMS 0x0000000091800000| PB 0x0000000091800000| Untracked 
| 281|0x0000000091900000, 0x0000000091a00000, 0x0000000091a00000|100%| O|  |TAMS 0x0000000091900000| PB 0x0000000091900000| Untracked 
| 282|0x0000000091a00000, 0x0000000091b00000, 0x0000000091b00000|100%| O|  |TAMS 0x0000000091a00000| PB 0x0000000091a00000| Untracked 
| 283|0x0000000091b00000, 0x0000000091b00000, 0x0000000091c00000|  0%| F|  |TAMS 0x0000000091b00000| PB 0x0000000091b00000| Untracked 
| 284|0x0000000091c00000, 0x0000000091c00000, 0x0000000091d00000|  0%| F|  |TAMS 0x0000000091c00000| PB 0x0000000091c00000| Untracked 
| 285|0x0000000091d00000, 0x0000000091d00000, 0x0000000091e00000|  0%| F|  |TAMS 0x0000000091d00000| PB 0x0000000091d00000| Untracked 
| 286|0x0000000091e00000, 0x0000000091e00000, 0x0000000091f00000|  0%| F|  |TAMS 0x0000000091e00000| PB 0x0000000091e00000| Untracked 
| 287|0x0000000091f00000, 0x0000000091f00000, 0x0000000092000000|  0%| F|  |TAMS 0x0000000091f00000| PB 0x0000000091f00000| Untracked 
| 288|0x0000000092000000, 0x0000000092000000, 0x0000000092100000|  0%| F|  |TAMS 0x0000000092000000| PB 0x0000000092000000| Untracked 
| 289|0x0000000092100000, 0x0000000092100000, 0x0000000092200000|  0%| F|  |TAMS 0x0000000092100000| PB 0x0000000092100000| Untracked 
| 290|0x0000000092200000, 0x0000000092200000, 0x0000000092300000|  0%| F|  |TAMS 0x0000000092200000| PB 0x0000000092200000| Untracked 
| 291|0x0000000092300000, 0x0000000092300000, 0x0000000092400000|  0%| F|  |TAMS 0x0000000092300000| PB 0x0000000092300000| Untracked 
| 292|0x0000000092400000, 0x0000000092400000, 0x0000000092500000|  0%| F|  |TAMS 0x0000000092400000| PB 0x0000000092400000| Untracked 
| 293|0x0000000092500000, 0x0000000092500000, 0x0000000092600000|  0%| F|  |TAMS 0x0000000092500000| PB 0x0000000092500000| Untracked 
| 294|0x0000000092600000, 0x0000000092600000, 0x0000000092700000|  0%| F|  |TAMS 0x0000000092600000| PB 0x0000000092600000| Untracked 
| 295|0x0000000092700000, 0x0000000092700000, 0x0000000092800000|  0%| F|  |TAMS 0x0000000092700000| PB 0x0000000092700000| Untracked 
| 296|0x0000000092800000, 0x0000000092800000, 0x0000000092900000|  0%| F|  |TAMS 0x0000000092800000| PB 0x0000000092800000| Untracked 
| 297|0x0000000092900000, 0x0000000092900000, 0x0000000092a00000|  0%| F|  |TAMS 0x0000000092900000| PB 0x0000000092900000| Untracked 
| 298|0x0000000092a00000, 0x0000000092a00000, 0x0000000092b00000|  0%| F|  |TAMS 0x0000000092a00000| PB 0x0000000092a00000| Untracked 
| 299|0x0000000092b00000, 0x0000000092b00000, 0x0000000092c00000|  0%| F|  |TAMS 0x0000000092b00000| PB 0x0000000092b00000| Untracked 
| 300|0x0000000092c00000, 0x0000000092d00000, 0x0000000092d00000|100%| O|  |TAMS 0x0000000092c00000| PB 0x0000000092c00000| Untracked 
| 301|0x0000000092d00000, 0x0000000092e00000, 0x0000000092e00000|100%| O|  |TAMS 0x0000000092d00000| PB 0x0000000092d00000| Untracked 
| 302|0x0000000092e00000, 0x0000000092f00000, 0x0000000092f00000|100%| O|  |TAMS 0x0000000092e00000| PB 0x0000000092e00000| Untracked 
| 303|0x0000000092f00000, 0x0000000093000000, 0x0000000093000000|100%| O|  |TAMS 0x0000000092f00000| PB 0x0000000092f00000| Untracked 
| 304|0x0000000093000000, 0x0000000093000000, 0x0000000093100000|  0%| F|  |TAMS 0x0000000093000000| PB 0x0000000093000000| Untracked 
| 305|0x0000000093100000, 0x0000000093100000, 0x0000000093200000|  0%| F|  |TAMS 0x0000000093100000| PB 0x0000000093100000| Untracked 
| 306|0x0000000093200000, 0x0000000093200000, 0x0000000093300000|  0%| F|  |TAMS 0x0000000093200000| PB 0x0000000093200000| Untracked 
| 307|0x0000000093300000, 0x0000000093300000, 0x0000000093400000|  0%| F|  |TAMS 0x0000000093300000| PB 0x0000000093300000| Untracked 
| 308|0x0000000093400000, 0x0000000093400000, 0x0000000093500000|  0%| F|  |TAMS 0x0000000093400000| PB 0x0000000093400000| Untracked 
| 309|0x0000000093500000, 0x0000000093500000, 0x0000000093600000|  0%| F|  |TAMS 0x0000000093500000| PB 0x0000000093500000| Untracked 
| 310|0x0000000093600000, 0x0000000093600000, 0x0000000093700000|  0%| F|  |TAMS 0x0000000093600000| PB 0x0000000093600000| Untracked 
| 311|0x0000000093700000, 0x0000000093700000, 0x0000000093800000|  0%| F|  |TAMS 0x0000000093700000| PB 0x0000000093700000| Untracked 
| 312|0x0000000093800000, 0x0000000093800000, 0x0000000093900000|  0%| F|  |TAMS 0x0000000093800000| PB 0x0000000093800000| Untracked 
| 313|0x0000000093900000, 0x0000000093900000, 0x0000000093a00000|  0%| F|  |TAMS 0x0000000093900000| PB 0x0000000093900000| Untracked 
| 314|0x0000000093a00000, 0x0000000093a00000, 0x0000000093b00000|  0%| F|  |TAMS 0x0000000093a00000| PB 0x0000000093a00000| Untracked 
| 315|0x0000000093b00000, 0x0000000093b00000, 0x0000000093c00000|  0%| F|  |TAMS 0x0000000093b00000| PB 0x0000000093b00000| Untracked 
| 316|0x0000000093c00000, 0x0000000093c80000, 0x0000000093d00000| 50%| S|CS|TAMS 0x0000000093c00000| PB 0x0000000093c00000| Complete 
| 317|0x0000000093d00000, 0x0000000093e00000, 0x0000000093e00000|100%| S|CS|TAMS 0x0000000093d00000| PB 0x0000000093d00000| Complete 
| 318|0x0000000093e00000, 0x0000000093f00000, 0x0000000093f00000|100%| S|CS|TAMS 0x0000000093e00000| PB 0x0000000093e00000| Complete 
| 319|0x0000000093f00000, 0x0000000094000000, 0x0000000094000000|100%| S|CS|TAMS 0x0000000093f00000| PB 0x0000000093f00000| Complete 
| 320|0x0000000094000000, 0x0000000094100000, 0x0000000094100000|100%| S|CS|TAMS 0x0000000094000000| PB 0x0000000094000000| Complete 
| 321|0x0000000094100000, 0x0000000094100000, 0x0000000094200000|  0%| F|  |TAMS 0x0000000094100000| PB 0x0000000094100000| Untracked 
| 322|0x0000000094200000, 0x0000000094200000, 0x0000000094300000|  0%| F|  |TAMS 0x0000000094200000| PB 0x0000000094200000| Untracked 
| 323|0x0000000094300000, 0x0000000094300000, 0x0000000094400000|  0%| F|  |TAMS 0x0000000094300000| PB 0x0000000094300000| Untracked 
| 324|0x0000000094400000, 0x0000000094400000, 0x0000000094500000|  0%| F|  |TAMS 0x0000000094400000| PB 0x0000000094400000| Untracked 
| 325|0x0000000094500000, 0x0000000094500000, 0x0000000094600000|  0%| F|  |TAMS 0x0000000094500000| PB 0x0000000094500000| Untracked 
| 326|0x0000000094600000, 0x0000000094600000, 0x0000000094700000|  0%| F|  |TAMS 0x0000000094600000| PB 0x0000000094600000| Untracked 
| 327|0x0000000094700000, 0x0000000094700000, 0x0000000094800000|  0%| F|  |TAMS 0x0000000094700000| PB 0x0000000094700000| Untracked 
| 328|0x0000000094800000, 0x0000000094800000, 0x0000000094900000|  0%| F|  |TAMS 0x0000000094800000| PB 0x0000000094800000| Untracked 
| 329|0x0000000094900000, 0x0000000094900000, 0x0000000094a00000|  0%| F|  |TAMS 0x0000000094900000| PB 0x0000000094900000| Untracked 
| 330|0x0000000094a00000, 0x0000000094a00000, 0x0000000094b00000|  0%| F|  |TAMS 0x0000000094a00000| PB 0x0000000094a00000| Untracked 
| 331|0x0000000094b00000, 0x0000000094b00000, 0x0000000094c00000|  0%| F|  |TAMS 0x0000000094b00000| PB 0x0000000094b00000| Untracked 
| 332|0x0000000094c00000, 0x0000000094c00000, 0x0000000094d00000|  0%| F|  |TAMS 0x0000000094c00000| PB 0x0000000094c00000| Untracked 
| 333|0x0000000094d00000, 0x0000000094d00000, 0x0000000094e00000|  0%| F|  |TAMS 0x0000000094d00000| PB 0x0000000094d00000| Untracked 
| 334|0x0000000094e00000, 0x0000000094e00000, 0x0000000094f00000|  0%| F|  |TAMS 0x0000000094e00000| PB 0x0000000094e00000| Untracked 
| 335|0x0000000094f00000, 0x0000000094f00000, 0x0000000095000000|  0%| F|  |TAMS 0x0000000094f00000| PB 0x0000000094f00000| Untracked 
| 336|0x0000000095000000, 0x0000000095000000, 0x0000000095100000|  0%| F|  |TAMS 0x0000000095000000| PB 0x0000000095000000| Untracked 
| 337|0x0000000095100000, 0x0000000095100000, 0x0000000095200000|  0%| F|  |TAMS 0x0000000095100000| PB 0x0000000095100000| Untracked 
| 338|0x0000000095200000, 0x0000000095200000, 0x0000000095300000|  0%| F|  |TAMS 0x0000000095200000| PB 0x0000000095200000| Untracked 
| 339|0x0000000095300000, 0x0000000095300000, 0x0000000095400000|  0%| F|  |TAMS 0x0000000095300000| PB 0x0000000095300000| Untracked 
| 340|0x0000000095400000, 0x0000000095400000, 0x0000000095500000|  0%| F|  |TAMS 0x0000000095400000| PB 0x0000000095400000| Untracked 
| 341|0x0000000095500000, 0x0000000095500000, 0x0000000095600000|  0%| F|  |TAMS 0x0000000095500000| PB 0x0000000095500000| Untracked 
| 342|0x0000000095600000, 0x0000000095600000, 0x0000000095700000|  0%| F|  |TAMS 0x0000000095600000| PB 0x0000000095600000| Untracked 
| 343|0x0000000095700000, 0x0000000095700000, 0x0000000095800000|  0%| F|  |TAMS 0x0000000095700000| PB 0x0000000095700000| Untracked 
| 344|0x0000000095800000, 0x0000000095800000, 0x0000000095900000|  0%| F|  |TAMS 0x0000000095800000| PB 0x0000000095800000| Untracked 
| 345|0x0000000095900000, 0x0000000095900000, 0x0000000095a00000|  0%| F|  |TAMS 0x0000000095900000| PB 0x0000000095900000| Untracked 
| 346|0x0000000095a00000, 0x0000000095a00000, 0x0000000095b00000|  0%| F|  |TAMS 0x0000000095a00000| PB 0x0000000095a00000| Untracked 
| 347|0x0000000095b00000, 0x0000000095b00000, 0x0000000095c00000|  0%| F|  |TAMS 0x0000000095b00000| PB 0x0000000095b00000| Untracked 
| 348|0x0000000095c00000, 0x0000000095c00000, 0x0000000095d00000|  0%| F|  |TAMS 0x0000000095c00000| PB 0x0000000095c00000| Untracked 
| 349|0x0000000095d00000, 0x0000000095d00000, 0x0000000095e00000|  0%| F|  |TAMS 0x0000000095d00000| PB 0x0000000095d00000| Untracked 
| 350|0x0000000095e00000, 0x0000000095e00000, 0x0000000095f00000|  0%| F|  |TAMS 0x0000000095e00000| PB 0x0000000095e00000| Untracked 
| 351|0x0000000095f00000, 0x0000000095f00000, 0x0000000096000000|  0%| F|  |TAMS 0x0000000095f00000| PB 0x0000000095f00000| Untracked 
| 352|0x0000000096000000, 0x0000000096000000, 0x0000000096100000|  0%| F|  |TAMS 0x0000000096000000| PB 0x0000000096000000| Untracked 
| 353|0x0000000096100000, 0x0000000096100000, 0x0000000096200000|  0%| F|  |TAMS 0x0000000096100000| PB 0x0000000096100000| Untracked 
| 354|0x0000000096200000, 0x0000000096200000, 0x0000000096300000|  0%| F|  |TAMS 0x0000000096200000| PB 0x0000000096200000| Untracked 
| 355|0x0000000096300000, 0x0000000096300000, 0x0000000096400000|  0%| F|  |TAMS 0x0000000096300000| PB 0x0000000096300000| Untracked 
| 356|0x0000000096400000, 0x0000000096400000, 0x0000000096500000|  0%| F|  |TAMS 0x0000000096400000| PB 0x0000000096400000| Untracked 
| 357|0x0000000096500000, 0x0000000096500000, 0x0000000096600000|  0%| F|  |TAMS 0x0000000096500000| PB 0x0000000096500000| Untracked 
| 358|0x0000000096600000, 0x0000000096600000, 0x0000000096700000|  0%| F|  |TAMS 0x0000000096600000| PB 0x0000000096600000| Untracked 
| 359|0x0000000096700000, 0x0000000096700000, 0x0000000096800000|  0%| F|  |TAMS 0x0000000096700000| PB 0x0000000096700000| Untracked 
| 360|0x0000000096800000, 0x0000000096800000, 0x0000000096900000|  0%| F|  |TAMS 0x0000000096800000| PB 0x0000000096800000| Untracked 
| 361|0x0000000096900000, 0x0000000096900000, 0x0000000096a00000|  0%| F|  |TAMS 0x0000000096900000| PB 0x0000000096900000| Untracked 
| 362|0x0000000096a00000, 0x0000000096a00000, 0x0000000096b00000|  0%| F|  |TAMS 0x0000000096a00000| PB 0x0000000096a00000| Untracked 
| 363|0x0000000096b00000, 0x0000000096b00000, 0x0000000096c00000|  0%| F|  |TAMS 0x0000000096b00000| PB 0x0000000096b00000| Untracked 
| 364|0x0000000096c00000, 0x0000000096c00000, 0x0000000096d00000|  0%| F|  |TAMS 0x0000000096c00000| PB 0x0000000096c00000| Untracked 
| 365|0x0000000096d00000, 0x0000000096d00000, 0x0000000096e00000|  0%| F|  |TAMS 0x0000000096d00000| PB 0x0000000096d00000| Untracked 
| 366|0x0000000096e00000, 0x0000000096e00000, 0x0000000096f00000|  0%| F|  |TAMS 0x0000000096e00000| PB 0x0000000096e00000| Untracked 
| 367|0x0000000096f00000, 0x0000000096f00000, 0x0000000097000000|  0%| F|  |TAMS 0x0000000096f00000| PB 0x0000000096f00000| Untracked 
| 368|0x0000000097000000, 0x0000000097000000, 0x0000000097100000|  0%| F|  |TAMS 0x0000000097000000| PB 0x0000000097000000| Untracked 
| 369|0x0000000097100000, 0x0000000097100000, 0x0000000097200000|  0%| F|  |TAMS 0x0000000097100000| PB 0x0000000097100000| Untracked 
| 370|0x0000000097200000, 0x0000000097200000, 0x0000000097300000|  0%| F|  |TAMS 0x0000000097200000| PB 0x0000000097200000| Untracked 
| 371|0x0000000097300000, 0x0000000097300000, 0x0000000097400000|  0%| F|  |TAMS 0x0000000097300000| PB 0x0000000097300000| Untracked 
| 372|0x0000000097400000, 0x0000000097400000, 0x0000000097500000|  0%| F|  |TAMS 0x0000000097400000| PB 0x0000000097400000| Untracked 
| 373|0x0000000097500000, 0x0000000097500000, 0x0000000097600000|  0%| F|  |TAMS 0x0000000097500000| PB 0x0000000097500000| Untracked 
| 374|0x0000000097600000, 0x0000000097600000, 0x0000000097700000|  0%| F|  |TAMS 0x0000000097600000| PB 0x0000000097600000| Untracked 
| 375|0x0000000097700000, 0x0000000097700000, 0x0000000097800000|  0%| F|  |TAMS 0x0000000097700000| PB 0x0000000097700000| Untracked 
| 376|0x0000000097800000, 0x0000000097800000, 0x0000000097900000|  0%| F|  |TAMS 0x0000000097800000| PB 0x0000000097800000| Untracked 
| 377|0x0000000097900000, 0x0000000097900000, 0x0000000097a00000|  0%| F|  |TAMS 0x0000000097900000| PB 0x0000000097900000| Untracked 
| 378|0x0000000097a00000, 0x0000000097a00000, 0x0000000097b00000|  0%| F|  |TAMS 0x0000000097a00000| PB 0x0000000097a00000| Untracked 
| 379|0x0000000097b00000, 0x0000000097b00000, 0x0000000097c00000|  0%| F|  |TAMS 0x0000000097b00000| PB 0x0000000097b00000| Untracked 
| 380|0x0000000097c00000, 0x0000000097c00000, 0x0000000097d00000|  0%| F|  |TAMS 0x0000000097c00000| PB 0x0000000097c00000| Untracked 
| 381|0x0000000097d00000, 0x0000000097d00000, 0x0000000097e00000|  0%| F|  |TAMS 0x0000000097d00000| PB 0x0000000097d00000| Untracked 
| 382|0x0000000097e00000, 0x0000000097e00000, 0x0000000097f00000|  0%| F|  |TAMS 0x0000000097e00000| PB 0x0000000097e00000| Untracked 
| 383|0x0000000097f00000, 0x0000000097f00000, 0x0000000098000000|  0%| F|  |TAMS 0x0000000097f00000| PB 0x0000000097f00000| Untracked 
| 384|0x0000000098000000, 0x0000000098000000, 0x0000000098100000|  0%| F|  |TAMS 0x0000000098000000| PB 0x0000000098000000| Untracked 
| 385|0x0000000098100000, 0x0000000098100000, 0x0000000098200000|  0%| F|  |TAMS 0x0000000098100000| PB 0x0000000098100000| Untracked 
| 386|0x0000000098200000, 0x0000000098200000, 0x0000000098300000|  0%| F|  |TAMS 0x0000000098200000| PB 0x0000000098200000| Untracked 
| 387|0x0000000098300000, 0x0000000098300000, 0x0000000098400000|  0%| F|  |TAMS 0x0000000098300000| PB 0x0000000098300000| Untracked 
| 388|0x0000000098400000, 0x0000000098400000, 0x0000000098500000|  0%| F|  |TAMS 0x0000000098400000| PB 0x0000000098400000| Untracked 
| 389|0x0000000098500000, 0x0000000098500000, 0x0000000098600000|  0%| F|  |TAMS 0x0000000098500000| PB 0x0000000098500000| Untracked 
| 390|0x0000000098600000, 0x0000000098600000, 0x0000000098700000|  0%| F|  |TAMS 0x0000000098600000| PB 0x0000000098600000| Untracked 
| 391|0x0000000098700000, 0x0000000098700000, 0x0000000098800000|  0%| F|  |TAMS 0x0000000098700000| PB 0x0000000098700000| Untracked 
| 392|0x0000000098800000, 0x0000000098800000, 0x0000000098900000|  0%| F|  |TAMS 0x0000000098800000| PB 0x0000000098800000| Untracked 
| 393|0x0000000098900000, 0x0000000098900000, 0x0000000098a00000|  0%| F|  |TAMS 0x0000000098900000| PB 0x0000000098900000| Untracked 
| 394|0x0000000098a00000, 0x0000000098a00000, 0x0000000098b00000|  0%| F|  |TAMS 0x0000000098a00000| PB 0x0000000098a00000| Untracked 
| 395|0x0000000098b00000, 0x0000000098b00000, 0x0000000098c00000|  0%| F|  |TAMS 0x0000000098b00000| PB 0x0000000098b00000| Untracked 
| 396|0x0000000098c00000, 0x0000000098c00000, 0x0000000098d00000|  0%| F|  |TAMS 0x0000000098c00000| PB 0x0000000098c00000| Untracked 
| 397|0x0000000098d00000, 0x0000000098d00000, 0x0000000098e00000|  0%| F|  |TAMS 0x0000000098d00000| PB 0x0000000098d00000| Untracked 
| 398|0x0000000098e00000, 0x0000000098e00000, 0x0000000098f00000|  0%| F|  |TAMS 0x0000000098e00000| PB 0x0000000098e00000| Untracked 
| 399|0x0000000098f00000, 0x0000000098f00000, 0x0000000099000000|  0%| F|  |TAMS 0x0000000098f00000| PB 0x0000000098f00000| Untracked 
| 400|0x0000000099000000, 0x0000000099000000, 0x0000000099100000|  0%| F|  |TAMS 0x0000000099000000| PB 0x0000000099000000| Untracked 
| 401|0x0000000099100000, 0x0000000099100000, 0x0000000099200000|  0%| F|  |TAMS 0x0000000099100000| PB 0x0000000099100000| Untracked 
| 402|0x0000000099200000, 0x0000000099200000, 0x0000000099300000|  0%| F|  |TAMS 0x0000000099200000| PB 0x0000000099200000| Untracked 
| 403|0x0000000099300000, 0x0000000099300000, 0x0000000099400000|  0%| F|  |TAMS 0x0000000099300000| PB 0x0000000099300000| Untracked 
| 404|0x0000000099400000, 0x0000000099400000, 0x0000000099500000|  0%| F|  |TAMS 0x0000000099400000| PB 0x0000000099400000| Untracked 
| 405|0x0000000099500000, 0x0000000099500000, 0x0000000099600000|  0%| F|  |TAMS 0x0000000099500000| PB 0x0000000099500000| Untracked 
| 406|0x0000000099600000, 0x0000000099600000, 0x0000000099700000|  0%| F|  |TAMS 0x0000000099600000| PB 0x0000000099600000| Untracked 
| 407|0x0000000099700000, 0x0000000099700000, 0x0000000099800000|  0%| F|  |TAMS 0x0000000099700000| PB 0x0000000099700000| Untracked 
| 408|0x0000000099800000, 0x0000000099800000, 0x0000000099900000|  0%| F|  |TAMS 0x0000000099800000| PB 0x0000000099800000| Untracked 
| 409|0x0000000099900000, 0x0000000099900000, 0x0000000099a00000|  0%| F|  |TAMS 0x0000000099900000| PB 0x0000000099900000| Untracked 
| 410|0x0000000099a00000, 0x0000000099a00000, 0x0000000099b00000|  0%| F|  |TAMS 0x0000000099a00000| PB 0x0000000099a00000| Untracked 
| 411|0x0000000099b00000, 0x0000000099b00000, 0x0000000099c00000|  0%| F|  |TAMS 0x0000000099b00000| PB 0x0000000099b00000| Untracked 
| 412|0x0000000099c00000, 0x0000000099c00000, 0x0000000099d00000|  0%| F|  |TAMS 0x0000000099c00000| PB 0x0000000099c00000| Untracked 
| 413|0x0000000099d00000, 0x0000000099d00000, 0x0000000099e00000|  0%| F|  |TAMS 0x0000000099d00000| PB 0x0000000099d00000| Untracked 
| 414|0x0000000099e00000, 0x0000000099e00000, 0x0000000099f00000|  0%| F|  |TAMS 0x0000000099e00000| PB 0x0000000099e00000| Untracked 
| 415|0x0000000099f00000, 0x0000000099f00000, 0x000000009a000000|  0%| F|  |TAMS 0x0000000099f00000| PB 0x0000000099f00000| Untracked 
| 416|0x000000009a000000, 0x000000009a000000, 0x000000009a100000|  0%| F|  |TAMS 0x000000009a000000| PB 0x000000009a000000| Untracked 
| 417|0x000000009a100000, 0x000000009a100000, 0x000000009a200000|  0%| F|  |TAMS 0x000000009a100000| PB 0x000000009a100000| Untracked 
| 418|0x000000009a200000, 0x000000009a200000, 0x000000009a300000|  0%| F|  |TAMS 0x000000009a200000| PB 0x000000009a200000| Untracked 
| 419|0x000000009a300000, 0x000000009a300000, 0x000000009a400000|  0%| F|  |TAMS 0x000000009a300000| PB 0x000000009a300000| Untracked 
| 420|0x000000009a400000, 0x000000009a400000, 0x000000009a500000|  0%| F|  |TAMS 0x000000009a400000| PB 0x000000009a400000| Untracked 
| 421|0x000000009a500000, 0x000000009a500000, 0x000000009a600000|  0%| F|  |TAMS 0x000000009a500000| PB 0x000000009a500000| Untracked 
| 422|0x000000009a600000, 0x000000009a600000, 0x000000009a700000|  0%| F|  |TAMS 0x000000009a600000| PB 0x000000009a600000| Untracked 
| 423|0x000000009a700000, 0x000000009a700000, 0x000000009a800000|  0%| F|  |TAMS 0x000000009a700000| PB 0x000000009a700000| Untracked 
| 424|0x000000009a800000, 0x000000009a800000, 0x000000009a900000|  0%| F|  |TAMS 0x000000009a800000| PB 0x000000009a800000| Untracked 
| 425|0x000000009a900000, 0x000000009a900000, 0x000000009aa00000|  0%| F|  |TAMS 0x000000009a900000| PB 0x000000009a900000| Untracked 
| 426|0x000000009aa00000, 0x000000009aa00000, 0x000000009ab00000|  0%| F|  |TAMS 0x000000009aa00000| PB 0x000000009aa00000| Untracked 
| 427|0x000000009ab00000, 0x000000009ab00000, 0x000000009ac00000|  0%| F|  |TAMS 0x000000009ab00000| PB 0x000000009ab00000| Untracked 
| 428|0x000000009ac00000, 0x000000009ac00000, 0x000000009ad00000|  0%| F|  |TAMS 0x000000009ac00000| PB 0x000000009ac00000| Untracked 
| 429|0x000000009ad00000, 0x000000009ad00000, 0x000000009ae00000|  0%| F|  |TAMS 0x000000009ad00000| PB 0x000000009ad00000| Untracked 
| 430|0x000000009ae00000, 0x000000009ae00000, 0x000000009af00000|  0%| F|  |TAMS 0x000000009ae00000| PB 0x000000009ae00000| Untracked 
| 431|0x000000009af00000, 0x000000009af00000, 0x000000009b000000|  0%| F|  |TAMS 0x000000009af00000| PB 0x000000009af00000| Untracked 
| 432|0x000000009b000000, 0x000000009b000000, 0x000000009b100000|  0%| F|  |TAMS 0x000000009b000000| PB 0x000000009b000000| Untracked 
| 433|0x000000009b100000, 0x000000009b100000, 0x000000009b200000|  0%| F|  |TAMS 0x000000009b100000| PB 0x000000009b100000| Untracked 
| 434|0x000000009b200000, 0x000000009b200000, 0x000000009b300000|  0%| F|  |TAMS 0x000000009b200000| PB 0x000000009b200000| Untracked 
| 435|0x000000009b300000, 0x000000009b300000, 0x000000009b400000|  0%| F|  |TAMS 0x000000009b300000| PB 0x000000009b300000| Untracked 
| 436|0x000000009b400000, 0x000000009b400000, 0x000000009b500000|  0%| F|  |TAMS 0x000000009b400000| PB 0x000000009b400000| Untracked 
| 437|0x000000009b500000, 0x000000009b500000, 0x000000009b600000|  0%| F|  |TAMS 0x000000009b500000| PB 0x000000009b500000| Untracked 
| 438|0x000000009b600000, 0x000000009b600000, 0x000000009b700000|  0%| F|  |TAMS 0x000000009b600000| PB 0x000000009b600000| Untracked 
| 439|0x000000009b700000, 0x000000009b700000, 0x000000009b800000|  0%| F|  |TAMS 0x000000009b700000| PB 0x000000009b700000| Untracked 
| 440|0x000000009b800000, 0x000000009b800000, 0x000000009b900000|  0%| F|  |TAMS 0x000000009b800000| PB 0x000000009b800000| Untracked 
| 441|0x000000009b900000, 0x000000009b900000, 0x000000009ba00000|  0%| F|  |TAMS 0x000000009b900000| PB 0x000000009b900000| Untracked 
| 442|0x000000009ba00000, 0x000000009ba00000, 0x000000009bb00000|  0%| F|  |TAMS 0x000000009ba00000| PB 0x000000009ba00000| Untracked 
| 443|0x000000009bb00000, 0x000000009bb00000, 0x000000009bc00000|  0%| F|  |TAMS 0x000000009bb00000| PB 0x000000009bb00000| Untracked 
| 444|0x000000009bc00000, 0x000000009bc00000, 0x000000009bd00000|  0%| F|  |TAMS 0x000000009bc00000| PB 0x000000009bc00000| Untracked 
| 445|0x000000009bd00000, 0x000000009bd00000, 0x000000009be00000|  0%| F|  |TAMS 0x000000009bd00000| PB 0x000000009bd00000| Untracked 
| 446|0x000000009be00000, 0x000000009be00000, 0x000000009bf00000|  0%| F|  |TAMS 0x000000009be00000| PB 0x000000009be00000| Untracked 
| 447|0x000000009bf00000, 0x000000009bf00000, 0x000000009c000000|  0%| F|  |TAMS 0x000000009bf00000| PB 0x000000009bf00000| Untracked 
| 448|0x000000009c000000, 0x000000009c000000, 0x000000009c100000|  0%| F|  |TAMS 0x000000009c000000| PB 0x000000009c000000| Untracked 
| 449|0x000000009c100000, 0x000000009c100000, 0x000000009c200000|  0%| F|  |TAMS 0x000000009c100000| PB 0x000000009c100000| Untracked 
| 450|0x000000009c200000, 0x000000009c200000, 0x000000009c300000|  0%| F|  |TAMS 0x000000009c200000| PB 0x000000009c200000| Untracked 
| 451|0x000000009c300000, 0x000000009c300000, 0x000000009c400000|  0%| F|  |TAMS 0x000000009c300000| PB 0x000000009c300000| Untracked 
| 452|0x000000009c400000, 0x000000009c400000, 0x000000009c500000|  0%| F|  |TAMS 0x000000009c400000| PB 0x000000009c400000| Untracked 
| 453|0x000000009c500000, 0x000000009c500000, 0x000000009c600000|  0%| F|  |TAMS 0x000000009c500000| PB 0x000000009c500000| Untracked 
| 454|0x000000009c600000, 0x000000009c600000, 0x000000009c700000|  0%| F|  |TAMS 0x000000009c600000| PB 0x000000009c600000| Untracked 
| 455|0x000000009c700000, 0x000000009c700000, 0x000000009c800000|  0%| F|  |TAMS 0x000000009c700000| PB 0x000000009c700000| Untracked 
| 456|0x000000009c800000, 0x000000009c800000, 0x000000009c900000|  0%| F|  |TAMS 0x000000009c800000| PB 0x000000009c800000| Untracked 
| 457|0x000000009c900000, 0x000000009c900000, 0x000000009ca00000|  0%| F|  |TAMS 0x000000009c900000| PB 0x000000009c900000| Untracked 
| 458|0x000000009ca00000, 0x000000009ca00000, 0x000000009cb00000|  0%| F|  |TAMS 0x000000009ca00000| PB 0x000000009ca00000| Untracked 
| 459|0x000000009cb00000, 0x000000009cb00000, 0x000000009cc00000|  0%| F|  |TAMS 0x000000009cb00000| PB 0x000000009cb00000| Untracked 
| 460|0x000000009cc00000, 0x000000009cc00000, 0x000000009cd00000|  0%| F|  |TAMS 0x000000009cc00000| PB 0x000000009cc00000| Untracked 
| 461|0x000000009cd00000, 0x000000009cd6a8a8, 0x000000009ce00000| 41%| E|  |TAMS 0x000000009cd00000| PB 0x000000009cd00000| Complete 
| 462|0x000000009ce00000, 0x000000009cf00000, 0x000000009cf00000|100%| E|CS|TAMS 0x000000009ce00000| PB 0x000000009ce00000| Complete 
| 463|0x000000009cf00000, 0x000000009d000000, 0x000000009d000000|100%| E|CS|TAMS 0x000000009cf00000| PB 0x000000009cf00000| Complete 
| 464|0x000000009d000000, 0x000000009d100000, 0x000000009d100000|100%| E|CS|TAMS 0x000000009d000000| PB 0x000000009d000000| Complete 
|2034|0x00000000ff200000, 0x00000000ff300000, 0x00000000ff300000|100%| O|  |TAMS 0x00000000ff200000| PB 0x00000000ff200000| Untracked 
|2035|0x00000000ff300000, 0x00000000ff400000, 0x00000000ff400000|100%| E|CS|TAMS 0x00000000ff300000| PB 0x00000000ff300000| Complete 
|2036|0x00000000ff400000, 0x00000000ff500000, 0x00000000ff500000|100%| O|  |TAMS 0x00000000ff400000| PB 0x00000000ff400000| Untracked 
|2037|0x00000000ff500000, 0x00000000ff600000, 0x00000000ff600000|100%| O|  |TAMS 0x00000000ff500000| PB 0x00000000ff500000| Untracked 
|2038|0x00000000ff600000, 0x00000000ff700000, 0x00000000ff700000|100%| O|  |TAMS 0x00000000ff600000| PB 0x00000000ff600000| Untracked 
|2039|0x00000000ff700000, 0x00000000ff800000, 0x00000000ff800000|100%| O|  |TAMS 0x00000000ff700000| PB 0x00000000ff700000| Untracked 
|2040|0x00000000ff800000, 0x00000000ff900000, 0x00000000ff900000|100%| O|  |TAMS 0x00000000ff800000| PB 0x00000000ff800000| Untracked 
|2041|0x00000000ff900000, 0x00000000ffa00000, 0x00000000ffa00000|100%| O|  |TAMS 0x00000000ff900000| PB 0x00000000ff900000| Untracked 
|2042|0x00000000ffa00000, 0x00000000ffb00000, 0x00000000ffb00000|100%| O|  |TAMS 0x00000000ffa00000| PB 0x00000000ffa00000| Untracked 
|2043|0x00000000ffb00000, 0x00000000ffc00000, 0x00000000ffc00000|100%| O|  |TAMS 0x00000000ffb00000| PB 0x00000000ffb00000| Untracked 
|2044|0x00000000ffc00000, 0x00000000ffd00000, 0x00000000ffd00000|100%| O|  |TAMS 0x00000000ffc00000| PB 0x00000000ffc00000| Untracked 
|2045|0x00000000ffd00000, 0x00000000ffe00000, 0x00000000ffe00000|100%| O|  |TAMS 0x00000000ffd00000| PB 0x00000000ffd00000| Untracked 
|2046|0x00000000ffe00000, 0x00000000fff00000, 0x00000000fff00000|100%| O|  |TAMS 0x00000000ffe00000| PB 0x00000000ffe00000| Untracked 
|2047|0x00000000fff00000, 0x0000000100000000, 0x0000000100000000|100%| O|  |TAMS 0x00000000fff00000| PB 0x00000000fff00000| Untracked 

Card table byte_map: [0x000001e9f2120000,0x000001e9f2520000] _byte_map_base: 0x000001e9f1d20000

Marking Bits: (CMBitMap*) 0x000001e9dfc263d0
 Bits: [0x000001e9f2520000, 0x000001e9f4520000)

Polling page: 0x000001e9dda40000

Metaspace:

Usage:
  Non-class:    196.13 MB used.
      Class:     27.78 MB used.
       Both:    223.91 MB used.

Virtual space:
  Non-class space:      256.00 MB reserved,     197.56 MB ( 77%) committed,  4 nodes.
      Class space:        1.00 GB reserved,      29.25 MB (  3%) committed,  1 nodes.
             Both:        1.25 GB reserved,     226.81 MB ( 18%) committed. 

Chunk freelists:
   Non-Class:  9.93 MB
       Class:  2.58 MB
        Both:  12.51 MB

MaxMetaspaceSize: unlimited
CompressedClassSpaceSize: 1.00 GB
Initial GC threshold: 21.00 MB
Current GC threshold: 369.94 MB
CDS: off
 - commit_granule_bytes: 65536.
 - commit_granule_words: 8192.
 - virtual_space_node_default_size: 8388608.
 - enlarge_chunks_in_place: 1.
 - use_allocation_guard: 0.


Internal statistics:

num_allocs_failed_limit: 6.
num_arena_births: 5818.
num_arena_deaths: 0.
num_vsnodes_births: 5.
num_vsnodes_deaths: 0.
num_space_committed: 3622.
num_space_uncommitted: 0.
num_chunks_returned_to_freelist: 6.
num_chunks_taken_from_freelist: 15005.
num_chunk_merges: 6.
num_chunk_splits: 10483.
num_chunks_enlarged: 7288.
num_inconsistent_stats: 0.

CodeHeap 'non-profiled nmethods': size=120000Kb used=17915Kb max_used=17915Kb free=102084Kb
 bounds [0x000001e9ea7f0000, 0x000001e9eb970000, 0x000001e9f1d20000]
CodeHeap 'profiled nmethods': size=120000Kb used=51367Kb max_used=51396Kb free=68632Kb
 bounds [0x000001e9e2d20000, 0x000001e9e5fb0000, 0x000001e9ea250000]
CodeHeap 'non-nmethods': size=5760Kb used=3698Kb max_used=3740Kb free=2061Kb
 bounds [0x000001e9ea250000, 0x000001e9ea610000, 0x000001e9ea7f0000]
 total_blobs=24680 nmethods=23358 adapters=1223
 compilation: enabled
              stopped_count=0, restarted_count=0
 full_count=0

Compilation events (20 events):
Event: 126.389 Thread 0x000001e9f6bd9ac0 nmethod 29969 0x000001e9eb967290 code [0x000001e9eb967600, 0x000001e9eb968e10]
Event: 126.437 Thread 0x000001e9f6bd9ac0 29970       4       org.gradle.internal.vfs.impl.VersionHierarchy$2::handleAsDescendantOfChild (10 bytes)
Event: 126.438 Thread 0x000001e9f6bd9ac0 nmethod 29970 0x000001e9eb96ac10 code [0x000001e9eb96adc0, 0x000001e9eb96aff8]
Event: 126.470 Thread 0x000001e9f6bd9ac0 29971       4       org.gradle.internal.file.FileHierarchySet$PrefixFileSet::contains (13 bytes)
Event: 126.471 Thread 0x000001e9f6bd9ac0 nmethod 29971 0x000001e9eb96b210 code [0x000001e9eb96b3a0, 0x000001e9eb96b490]
Event: 126.521 Thread 0x000001e9f6bd9ac0 29972       4       org.gradle.internal.watch.registry.impl.HierarchicalFileWatcherUpdater$$Lambda/0x00000001004de060::test (16 bytes)
Event: 126.560 Thread 0x000001e9f6bd9ac0 nmethod 29972 0x000001e9eb96b590 code [0x000001e9eb96b920, 0x000001e9eb96d380]
Event: 126.723 Thread 0x000001e9f6bdb230 29973       3       org.gradle.internal.collect.PersistentList::<init> (5 bytes)
Event: 126.724 Thread 0x000001e9f6bdb230 nmethod 29973 0x000001e9e518b790 code [0x000001e9e518b940, 0x000001e9e518bb08]
Event: 126.724 Thread 0x000001e9f6bdb230 29974       3       org.gradle.internal.collect.PersistentList::<init> (5 bytes)
Event: 126.724 Thread 0x000001e9f6bdb230 nmethod 29974 0x000001e9e3d55110 code [0x000001e9e3d552c0, 0x000001e9e3d55428]
Event: 126.724 Thread 0x000001e9f6bdb230 29975       3       org.gradle.internal.collect.PersistentList$Cons::<init> (16 bytes)
Event: 126.724 Thread 0x000001e9f6bdb230 nmethod 29975 0x000001e9e518b110 code [0x000001e9e518b2c0, 0x000001e9e518b598]
Event: 126.724 Thread 0x000001e9f6bdb230 29977       3       org.gradle.execution.plan.ValuedVfsHierarchy$1::handleUnrelatedToAnyChild (5 bytes)
Event: 126.724 Thread 0x000001e9f6bdb230 nmethod 29977 0x000001e9e3f22490 code [0x000001e9e3f22640, 0x000001e9e3f227c0]
Event: 126.724 Thread 0x000001e9f6bdb230 29976       3       org.gradle.internal.collect.PersistentList$1::plus (10 bytes)
Event: 126.725 Thread 0x000001e9f6bdb230 nmethod 29976 0x000001e9e53dff90 code [0x000001e9e53e0160, 0x000001e9e53e04f0]
Event: 126.726 Thread 0x000001e9f6bdb230 29978       1       org.gradle.api.internal.tasks.properties.DefaultCacheableOutputFilePropertySpec::getOutputType (5 bytes)
Event: 126.726 Thread 0x000001e9f6bdb230 nmethod 29978 0x000001e9eb96e990 code [0x000001e9eb96eb20, 0x000001e9eb96ebe8]
Event: 126.736 Thread 0x000001e9f6bd9ac0 29979       4       com.google.common.io.Files::getFileExtension (42 bytes)

GC Heap History (20 events):
Event: 44.858 GC heap before
{Heap before GC invocations=76 (full 0):
 garbage-first heap   total 403456K, used 359327K [0x0000000080000000, 0x0000000100000000)
  region size 1024K, 124 young (126976K), 8 survivors (8192K)
 Metaspace       used 197872K, committed 200640K, reserved 1245184K
  class space    used 25032K, committed 26432K, reserved 1048576K
}
Event: 44.866 GC heap after
{Heap after GC invocations=77 (full 0):
 garbage-first heap   total 403456K, used 244639K [0x0000000080000000, 0x0000000100000000)
  region size 1024K, 11 young (11264K), 11 survivors (11264K)
 Metaspace       used 197872K, committed 200640K, reserved 1245184K
  class space    used 25032K, committed 26432K, reserved 1048576K
}
Event: 45.365 GC heap before
{Heap before GC invocations=77 (full 0):
 garbage-first heap   total 403456K, used 370591K [0x0000000080000000, 0x0000000100000000)
  region size 1024K, 134 young (137216K), 11 survivors (11264K)
 Metaspace       used 197872K, committed 200640K, reserved 1245184K
  class space    used 25032K, committed 26432K, reserved 1048576K
}
Event: 45.373 GC heap after
{Heap after GC invocations=78 (full 0):
 garbage-first heap   total 403456K, used 244513K [0x0000000080000000, 0x0000000100000000)
  region size 1024K, 5 young (5120K), 5 survivors (5120K)
 Metaspace       used 197872K, committed 200640K, reserved 1245184K
  class space    used 25032K, committed 26432K, reserved 1048576K
}
Event: 48.163 GC heap before
{Heap before GC invocations=78 (full 0):
 garbage-first heap   total 403456K, used 375585K [0x0000000080000000, 0x0000000100000000)
  region size 1024K, 134 young (137216K), 5 survivors (5120K)
 Metaspace       used 207758K, committed 210560K, reserved 1245184K
  class space    used 26220K, committed 27648K, reserved 1048576K
}
Event: 48.177 GC heap after
{Heap after GC invocations=79 (full 0):
 garbage-first heap   total 403456K, used 251221K [0x0000000080000000, 0x0000000100000000)
  region size 1024K, 14 young (14336K), 14 survivors (14336K)
 Metaspace       used 207758K, committed 210560K, reserved 1245184K
  class space    used 26220K, committed 27648K, reserved 1048576K
}
Event: 51.267 GC heap before
{Heap before GC invocations=79 (full 0):
 garbage-first heap   total 403456K, used 366933K [0x0000000080000000, 0x0000000100000000)
  region size 1024K, 127 young (130048K), 14 survivors (14336K)
 Metaspace       used 208301K, committed 211136K, reserved 1245184K
  class space    used 26267K, committed 27712K, reserved 1048576K
}
Event: 51.288 GC heap after
{Heap after GC invocations=80 (full 0):
 garbage-first heap   total 403456K, used 254253K [0x0000000080000000, 0x0000000100000000)
  region size 1024K, 8 young (8192K), 8 survivors (8192K)
 Metaspace       used 208301K, committed 211136K, reserved 1245184K
  class space    used 26267K, committed 27712K, reserved 1048576K
}
Event: 55.298 GC heap before
{Heap before GC invocations=80 (full 0):
 garbage-first heap   total 403456K, used 372013K [0x0000000080000000, 0x0000000100000000)
  region size 1024K, 124 young (126976K), 8 survivors (8192K)
 Metaspace       used 212165K, committed 214912K, reserved 1245184K
  class space    used 26708K, committed 28096K, reserved 1048576K
}
Event: 55.312 GC heap after
{Heap after GC invocations=81 (full 0):
 garbage-first heap   total 403456K, used 263680K [0x0000000080000000, 0x0000000100000000)
  region size 1024K, 16 young (16384K), 16 survivors (16384K)
 Metaspace       used 212165K, committed 214912K, reserved 1245184K
  class space    used 26708K, committed 28096K, reserved 1048576K
}
Event: 95.258 GC heap before
{Heap before GC invocations=82 (full 0):
 garbage-first heap   total 440320K, used 363008K [0x0000000080000000, 0x0000000100000000)
  region size 1024K, 114 young (116736K), 16 survivors (16384K)
 Metaspace       used 218626K, committed 221568K, reserved 1245184K
  class space    used 27305K, committed 28800K, reserved 1048576K
}
Event: 95.276 GC heap after
{Heap after GC invocations=83 (full 0):
 garbage-first heap   total 440320K, used 265728K [0x0000000080000000, 0x0000000100000000)
  region size 1024K, 4 young (4096K), 4 survivors (4096K)
 Metaspace       used 218626K, committed 221568K, reserved 1245184K
  class space    used 27305K, committed 28800K, reserved 1048576K
}
Event: 99.134 GC heap before
{Heap before GC invocations=83 (full 0):
 garbage-first heap   total 440320K, used 412160K [0x0000000080000000, 0x0000000100000000)
  region size 1024K, 148 young (151552K), 4 survivors (4096K)
 Metaspace       used 221820K, committed 224768K, reserved 1245184K
  class space    used 27697K, committed 29184K, reserved 1048576K
}
Event: 99.162 GC heap after
{Heap after GC invocations=84 (full 0):
 garbage-first heap   total 440320K, used 277248K [0x0000000080000000, 0x0000000100000000)
  region size 1024K, 19 young (19456K), 19 survivors (19456K)
 Metaspace       used 221820K, committed 224768K, reserved 1245184K
  class space    used 27697K, committed 29184K, reserved 1048576K
}
Event: 108.999 GC heap before
{Heap before GC invocations=84 (full 0):
 garbage-first heap   total 440320K, used 396032K [0x0000000080000000, 0x0000000100000000)
  region size 1024K, 136 young (139264K), 19 survivors (19456K)
 Metaspace       used 224228K, committed 227264K, reserved 1310720K
  class space    used 27971K, committed 29504K, reserved 1048576K
}
Event: 109.046 GC heap after
{Heap after GC invocations=85 (full 0):
 garbage-first heap   total 440320K, used 293376K [0x0000000080000000, 0x0000000100000000)
  region size 1024K, 17 young (17408K), 17 survivors (17408K)
 Metaspace       used 224228K, committed 227264K, reserved 1310720K
  class space    used 27971K, committed 29504K, reserved 1048576K
}
Event: 120.354 GC heap before
{Heap before GC invocations=86 (full 0):
 garbage-first heap   total 490496K, used 409088K [0x0000000080000000, 0x0000000100000000)
  region size 1024K, 118 young (120832K), 17 survivors (17408K)
 Metaspace       used 228024K, committed 230976K, reserved 1310720K
  class space    used 28321K, committed 29824K, reserved 1048576K
}
Event: 120.482 GC heap after
{Heap after GC invocations=87 (full 0):
 garbage-first heap   total 490496K, used 306176K [0x0000000080000000, 0x0000000100000000)
  region size 1024K, 12 young (12288K), 12 survivors (12288K)
 Metaspace       used 228024K, committed 230976K, reserved 1310720K
  class space    used 28321K, committed 29824K, reserved 1048576K
}
Event: 126.614 GC heap before
{Heap before GC invocations=87 (full 0):
 garbage-first heap   total 490496K, used 443392K [0x0000000080000000, 0x0000000100000000)
  region size 1024K, 145 young (148480K), 12 survivors (12288K)
 Metaspace       used 229259K, committed 232256K, reserved 1310720K
  class space    used 28446K, committed 29952K, reserved 1048576K
}
Event: 126.670 GC heap after
{Heap after GC invocations=88 (full 0):
 garbage-first heap   total 490496K, used 300544K [0x0000000080000000, 0x0000000100000000)
  region size 1024K, 5 young (5120K), 5 survivors (5120K)
 Metaspace       used 229259K, committed 232256K, reserved 1310720K
  class space    used 28446K, committed 29952K, reserved 1048576K
}

Dll operation events (3 events):
Event: 0.013 Loaded shared library C:\Program Files\Android\Android Studio\jbr\bin\java.dll
Event: 0.018 Loaded shared library C:\Program Files\Android\Android Studio\jbr\bin\zip.dll
Event: 1.068 Loaded shared library C:\Program Files\Android\Android Studio\jbr\bin\verify.dll

Deoptimization events (20 events):
Event: 126.058 Thread 0x000001e980e1b8c0 Uncommon trap: trap_request=0xffffffbe fr.pc=0x000001e9eb962618 relative=0x0000000000000478
Event: 126.058 Thread 0x000001e980e1b8c0 Uncommon trap: reason=profile_predicate action=maybe_recompile pc=0x000001e9eb962618 method=org.gradle.internal.event.AbstractBroadcastDispatch.dispatch(Lorg/gradle/internal/dispatch/MethodInvocation;Ljava/util/Iterator;)V @ 8 c2
Event: 126.058 Thread 0x000001e980e1b8c0 DEOPT PACKING pc=0x000001e9eb962618 sp=0x000000b9b27fb890
Event: 126.061 Thread 0x000001e980e1b8c0 DEOPT UNPACKING pc=0x000001e9ea2a7da2 sp=0x000000b9b27fb820 mode 2
Event: 126.067 Thread 0x000001e980e1e020 Uncommon trap: trap_request=0xffffffbe fr.pc=0x000001e9eb961d10 relative=0x00000000000002f0
Event: 126.067 Thread 0x000001e980e1e020 Uncommon trap: reason=profile_predicate action=maybe_recompile pc=0x000001e9eb961d10 method=sun.security.provider.HashDrbg.addBytes([BI[[B)V @ 36 c2
Event: 126.067 Thread 0x000001e980e1e020 DEOPT PACKING pc=0x000001e9eb961d10 sp=0x000000b9b26fd590
Event: 126.067 Thread 0x000001e980e1e020 DEOPT UNPACKING pc=0x000001e9ea2a7da2 sp=0x000000b9b26fd4e0 mode 2
Event: 126.098 Thread 0x000001e980e1e6b0 Uncommon trap: trap_request=0xffffffbe fr.pc=0x000001e9eb961d10 relative=0x00000000000002f0
Event: 126.098 Thread 0x000001e980e1e6b0 Uncommon trap: reason=profile_predicate action=maybe_recompile pc=0x000001e9eb961d10 method=sun.security.provider.HashDrbg.addBytes([BI[[B)V @ 36 c2
Event: 126.098 Thread 0x000001e980e1e6b0 DEOPT PACKING pc=0x000001e9eb961d10 sp=0x000000b9b28fd380
Event: 126.098 Thread 0x000001e980e1e6b0 DEOPT UNPACKING pc=0x000001e9ea2a7da2 sp=0x000000b9b28fd2d0 mode 2
Event: 126.098 Thread 0x000001e980e1b8c0 Uncommon trap: trap_request=0xffffffbe fr.pc=0x000001e9eb961d10 relative=0x00000000000002f0
Event: 126.098 Thread 0x000001e980e1b8c0 Uncommon trap: reason=profile_predicate action=maybe_recompile pc=0x000001e9eb961d10 method=sun.security.provider.HashDrbg.addBytes([BI[[B)V @ 36 c2
Event: 126.098 Thread 0x000001e980e1b8c0 DEOPT PACKING pc=0x000001e9eb961d10 sp=0x000000b9b27fd550
Event: 126.098 Thread 0x000001e980e1b8c0 DEOPT UNPACKING pc=0x000001e9ea2a7da2 sp=0x000000b9b27fd4a0 mode 2
Event: 126.099 Thread 0x000001e980e1e020 Uncommon trap: trap_request=0xffffffbe fr.pc=0x000001e9eb961d10 relative=0x00000000000002f0
Event: 126.099 Thread 0x000001e980e1e020 Uncommon trap: reason=profile_predicate action=maybe_recompile pc=0x000001e9eb961d10 method=sun.security.provider.HashDrbg.addBytes([BI[[B)V @ 36 c2
Event: 126.099 Thread 0x000001e980e1e020 DEOPT PACKING pc=0x000001e9eb961d10 sp=0x000000b9b26fd590
Event: 126.099 Thread 0x000001e980e1e020 DEOPT UNPACKING pc=0x000001e9ea2a7da2 sp=0x000000b9b26fd4e0 mode 2

Classes loaded (20 events):
Event: 111.379 Loading class com/sun/org/apache/xerces/internal/dom/DeferredDOMImplementationImpl
Event: 111.380 Loading class com/sun/org/apache/xerces/internal/dom/DeferredDOMImplementationImpl done
Event: 114.695 Loading class java/util/Spliterators$2Adapter
Event: 114.697 Loading class java/lang/StringUTF16$CodePointsSpliterator
Event: 114.705 Loading class java/lang/StringUTF16$CodePointsSpliterator done
Event: 114.709 Loading class java/util/Spliterators$2Adapter done
Event: 118.020 Loading class com/sun/xml/internal/stream/events/CommentEvent
Event: 118.035 Loading class javax/xml/stream/events/Comment
Event: 118.039 Loading class javax/xml/stream/events/Comment done
Event: 118.039 Loading class com/sun/xml/internal/stream/events/CommentEvent done
Event: 121.618 Loading class com/sun/xml/internal/stream/util/ReadOnlyIterator
Event: 121.620 Loading class com/sun/xml/internal/stream/util/ReadOnlyIterator done
Event: 122.932 Loading class java/nio/file/FileChannelLinesSpliterator
Event: 122.934 Loading class java/nio/file/FileChannelLinesSpliterator done
Event: 122.940 Loading class java/util/stream/Streams$1
Event: 122.942 Loading class java/util/stream/Streams$1 done
Event: 123.001 Loading class java/nio/file/FileChannelLinesSpliterator$1
Event: 123.007 Loading class java/nio/file/FileChannelLinesSpliterator$1 done
Event: 123.824 Loading class java/net/HttpURLConnection
Event: 123.828 Loading class java/net/HttpURLConnection done

Classes unloaded (0 events):
No events

Classes redefined (0 events):
No events

Internal exceptions (20 events):
Event: 121.916 Thread 0x000001e98960d480 Exception <a 'sun/nio/fs/WindowsException'{0x000000009ab23b88}> (0x000000009ab23b88) 
thrown [s\src\hotspot\share\prims\jni.cpp, line 535]
Event: 121.993 Thread 0x000001e98960d480 Exception <a 'sun/nio/fs/WindowsException'{0x000000009ab24b68}> (0x000000009ab24b68) 
thrown [s\src\hotspot\share\prims\jni.cpp, line 535]
Event: 122.067 Thread 0x000001e98960d480 Exception <a 'sun/nio/fs/WindowsException'{0x000000009ab25b48}> (0x000000009ab25b48) 
thrown [s\src\hotspot\share\prims\jni.cpp, line 535]
Event: 122.081 Thread 0x000001e98960d480 Exception <a 'sun/nio/fs/WindowsException'{0x0000000099abdc80}> (0x0000000099abdc80) 
thrown [s\src\hotspot\share\prims\jni.cpp, line 535]
Event: 122.534 Thread 0x000001e980e197f0 Implicit null exception at 0x000001e9ea974e49 to 0x000001e9ea9755e4
Event: 122.696 Thread 0x000001e98960ad20 Exception <a 'sun/nio/fs/WindowsException'{0x0000000099481728}> (0x0000000099481728) 
thrown [s\src\hotspot\share\prims\jni.cpp, line 535]
Event: 122.697 Thread 0x000001e98960ad20 Exception <a 'sun/nio/fs/WindowsException'{0x0000000099482b38}> (0x0000000099482b38) 
thrown [s\src\hotspot\share\prims\jni.cpp, line 535]
Event: 122.697 Thread 0x000001e98960ad20 Exception <a 'sun/nio/fs/WindowsException'{0x0000000099482c88}> (0x0000000099482c88) 
thrown [s\src\hotspot\share\prims\jni.cpp, line 535]
Event: 122.962 Thread 0x000001e98960ba40 Exception <a 'sun/nio/fs/WindowsException'{0x000000009908e4f8}> (0x000000009908e4f8) 
thrown [s\src\hotspot\share\prims\jni.cpp, line 535]
Event: 122.962 Thread 0x000001e98960ba40 Exception <a 'sun/nio/fs/WindowsException'{0x000000009908f3a0}> (0x000000009908f3a0) 
thrown [s\src\hotspot\share\prims\jni.cpp, line 535]
Event: 122.962 Thread 0x000001e98960ba40 Exception <a 'sun/nio/fs/WindowsException'{0x000000009908f4e8}> (0x000000009908f4e8) 
thrown [s\src\hotspot\share\prims\jni.cpp, line 535]
Event: 126.728 Thread 0x000001e98960ba40 Exception <a 'sun/nio/fs/WindowsException'{0x000000009ce781f0}> (0x000000009ce781f0) 
thrown [s\src\hotspot\share\prims\jni.cpp, line 535]
Event: 126.728 Thread 0x000001e98960ba40 Exception <a 'sun/nio/fs/WindowsException'{0x000000009ce790e0}> (0x000000009ce790e0) 
thrown [s\src\hotspot\share\prims\jni.cpp, line 535]
Event: 126.728 Thread 0x000001e98960ba40 Exception <a 'sun/nio/fs/WindowsException'{0x000000009ce79270}> (0x000000009ce79270) 
thrown [s\src\hotspot\share\prims\jni.cpp, line 535]
Event: 126.728 Thread 0x000001e98960ba40 Exception <a 'sun/nio/fs/WindowsException'{0x000000009ce7a2f8}> (0x000000009ce7a2f8) 
thrown [s\src\hotspot\share\prims\jni.cpp, line 535]
Event: 126.728 Thread 0x000001e98960ba40 Exception <a 'sun/nio/fs/WindowsException'{0x000000009ce7b1b0}> (0x000000009ce7b1b0) 
thrown [s\src\hotspot\share\prims\jni.cpp, line 535]
Event: 126.728 Thread 0x000001e98960ba40 Exception <a 'sun/nio/fs/WindowsException'{0x000000009ce7b308}> (0x000000009ce7b308) 
thrown [s\src\hotspot\share\prims\jni.cpp, line 535]
Event: 126.728 Thread 0x000001e98960ba40 Exception <a 'sun/nio/fs/WindowsException'{0x000000009ce7c2f8}> (0x000000009ce7c2f8) 
thrown [s\src\hotspot\share\prims\jni.cpp, line 535]
Event: 126.728 Thread 0x000001e98960ba40 Exception <a 'sun/nio/fs/WindowsException'{0x000000009ce7d168}> (0x000000009ce7d168) 
thrown [s\src\hotspot\share\prims\jni.cpp, line 535]
Event: 126.728 Thread 0x000001e98960ba40 Exception <a 'sun/nio/fs/WindowsException'{0x000000009ce7d278}> (0x000000009ce7d278) 
thrown [s\src\hotspot\share\prims\jni.cpp, line 535]

ZGC Phase Switch (0 events):
No events

VM Operations (20 events):
Event: 120.350 Executing VM operation: G1CollectForAllocation (G1 Evacuation Pause)
Event: 120.482 Executing VM operation: G1CollectForAllocation (G1 Evacuation Pause) done
Event: 120.482 Executing VM operation: HandshakeAllThreads (HandshakeForDeflation)
Event: 120.499 Executing VM operation: HandshakeAllThreads (HandshakeForDeflation) done
Event: 120.499 Executing VM operation: RendezvousGCThreads
Event: 120.499 Executing VM operation: RendezvousGCThreads done
Event: 121.502 Executing VM operation: Cleanup
Event: 121.532 Executing VM operation: Cleanup done
Event: 122.533 Executing VM operation: Cleanup
Event: 122.533 Executing VM operation: Cleanup done
Event: 123.534 Executing VM operation: Cleanup
Event: 123.562 Executing VM operation: Cleanup done
Event: 123.822 Executing VM operation: HandshakeAllThreads (Deoptimize)
Event: 123.823 Executing VM operation: HandshakeAllThreads (Deoptimize) done
Event: 124.829 Executing VM operation: Cleanup
Event: 124.829 Executing VM operation: Cleanup done
Event: 125.830 Executing VM operation: Cleanup
Event: 125.830 Executing VM operation: Cleanup done
Event: 126.611 Executing VM operation: G1CollectForAllocation (G1 Evacuation Pause)
Event: 126.670 Executing VM operation: G1CollectForAllocation (G1 Evacuation Pause) done

Memory protections (0 events):
No events

Nmethod flushes (20 events):
Event: 110.176 Thread 0x000001e9f6a0d430 flushing  nmethod 0x000001e9e5943190
Event: 110.176 Thread 0x000001e9f6a0d430 flushing  nmethod 0x000001e9e5945310
Event: 110.176 Thread 0x000001e9f6a0d430 flushing  nmethod 0x000001e9e5946710
Event: 110.176 Thread 0x000001e9f6a0d430 flushing  nmethod 0x000001e9e5947410
Event: 110.176 Thread 0x000001e9f6a0d430 flushing  nmethod 0x000001e9e5948810
Event: 110.176 Thread 0x000001e9f6a0d430 flushing  nmethod 0x000001e9e5948d10
Event: 110.176 Thread 0x000001e9f6a0d430 flushing  nmethod 0x000001e9e5949110
Event: 110.176 Thread 0x000001e9f6a0d430 flushing  nmethod 0x000001e9e5949690
Event: 110.176 Thread 0x000001e9f6a0d430 flushing  nmethod 0x000001e9e5949f90
Event: 110.176 Thread 0x000001e9f6a0d430 flushing  nmethod 0x000001e9e594a990
Event: 110.176 Thread 0x000001e9f6a0d430 flushing  nmethod 0x000001e9e594b510
Event: 110.176 Thread 0x000001e9f6a0d430 flushing  nmethod 0x000001e9e594c710
Event: 110.176 Thread 0x000001e9f6a0d430 flushing  nmethod 0x000001e9e594ee90
Event: 110.176 Thread 0x000001e9f6a0d430 flushing  nmethod 0x000001e9e5951690
Event: 110.176 Thread 0x000001e9f6a0d430 flushing  nmethod 0x000001e9e5952410
Event: 110.176 Thread 0x000001e9f6a0d430 flushing  nmethod 0x000001e9e5953390
Event: 110.176 Thread 0x000001e9f6a0d430 flushing  nmethod 0x000001e9e5953d10
Event: 110.176 Thread 0x000001e9f6a0d430 flushing  nmethod 0x000001e9e5954710
Event: 110.176 Thread 0x000001e9f6a0d430 flushing  nmethod 0x000001e9e5955410
Event: 110.176 Thread 0x000001e9f6a0d430 flushing  nmethod 0x000001e9e5964c90

Events (20 events):
Event: 99.596 Thread 0x000001e989610270 Thread added: 0x000001e98960a000
Event: 99.596 Thread 0x000001e989610270 Thread added: 0x000001e989611620
Event: 99.951 Thread 0x000001e9914f3060 Thread exited: 0x000001e9914f3060
Event: 111.225 Thread 0x000001e9f6bdb230 Thread added: 0x000001e98be08db0
Event: 112.884 Thread 0x000001e98be08db0 Thread exited: 0x000001e98be08db0
Event: 113.416 Thread 0x000001e9f6bdb230 Thread added: 0x000001e9919e3290
Event: 114.255 Thread 0x000001e989610270 Thread added: 0x000001e980e142a0
Event: 114.377 Thread 0x000001e989610270 Thread added: 0x000001e980e17090
Event: 114.388 Thread 0x000001e989610270 Thread added: 0x000001e980e12ef0
Event: 114.579 Thread 0x000001e9919e3290 Thread exited: 0x000001e9919e3290
Event: 117.595 Thread 0x000001e98bd6b320 Thread exited: 0x000001e98bd6b320
Event: 122.473 Thread 0x000001e98960ad20 Thread added: 0x000001e980e197f0
Event: 122.474 Thread 0x000001e98960ad20 Thread added: 0x000001e980e12860
Event: 122.474 Thread 0x000001e98960ad20 Thread added: 0x000001e980e19e80
Event: 123.677 Thread 0x000001e98960ba40 Thread added: 0x000001e980e1a510
Event: 123.677 Thread 0x000001e98960ba40 Thread added: 0x000001e980e13580
Event: 123.678 Thread 0x000001e98960ba40 Thread added: 0x000001e980e1aba0
Event: 125.675 Thread 0x000001e98960ba40 Thread added: 0x000001e980e1e020
Event: 125.675 Thread 0x000001e98960ba40 Thread added: 0x000001e980e1b8c0
Event: 125.675 Thread 0x000001e98960ba40 Thread added: 0x000001e980e1e6b0


Dynamic libraries:
0x00007ff673080000 - 0x00007ff67308a000 	C:\Program Files\Android\Android Studio\jbr\bin\java.exe
0x00007ffac37d0000 - 0x00007ffac39e7000 	C:\WINDOWS\SYSTEM32\ntdll.dll
0x00007ffac2a40000 - 0x00007ffac2b04000 	C:\WINDOWS\System32\KERNEL32.DLL
0x00007ffac08c0000 - 0x00007ffac0c93000 	C:\WINDOWS\System32\KERNELBASE.dll
0x00007ffac0ca0000 - 0x00007ffac0db1000 	C:\WINDOWS\System32\ucrtbase.dll
0x00007ffabc520000 - 0x00007ffabc53b000 	C:\Program Files\Android\Android Studio\jbr\bin\VCRUNTIME140.dll
0x00007ffaabd70000 - 0x00007ffaabd88000 	C:\Program Files\Android\Android Studio\jbr\bin\jli.dll
0x00007ffac2bb0000 - 0x00007ffac2d61000 	C:\WINDOWS\System32\USER32.dll
0x00007ffac1140000 - 0x00007ffac1166000 	C:\WINDOWS\System32\win32u.dll
0x00007ffaa51a0000 - 0x00007ffaa543b000 	C:\WINDOWS\WinSxS\amd64_microsoft.windows.common-controls_6595b64144ccf1df_6.0.22621.5262_none_2712bde373830908\COMCTL32.dll
0x00007ffac2b80000 - 0x00007ffac2ba9000 	C:\WINDOWS\System32\GDI32.dll
0x00007ffac2080000 - 0x00007ffac2127000 	C:\WINDOWS\System32\msvcrt.dll
0x00007ffac1170000 - 0x00007ffac1292000 	C:\WINDOWS\System32\gdi32full.dll
0x00007ffac10a0000 - 0x00007ffac113a000 	C:\WINDOWS\System32\msvcp_win.dll
0x00007ffac29f0000 - 0x00007ffac2a21000 	C:\WINDOWS\System32\IMM32.DLL
0x00007ffabb9b0000 - 0x00007ffabb9bc000 	C:\Program Files\Android\Android Studio\jbr\bin\vcruntime140_1.dll
0x00007ffa818c0000 - 0x00007ffa8194d000 	C:\Program Files\Android\Android Studio\jbr\bin\msvcp140.dll
0x00007ffa3c110000 - 0x00007ffa3cd9b000 	C:\Program Files\Android\Android Studio\jbr\bin\server\jvm.dll
0x00007ffac3000000 - 0x00007ffac30b1000 	C:\WINDOWS\System32\ADVAPI32.dll
0x00007ffac1d10000 - 0x00007ffac1db7000 	C:\WINDOWS\System32\sechost.dll
0x00007ffac1070000 - 0x00007ffac1098000 	C:\WINDOWS\System32\bcrypt.dll
0x00007ffac2dd0000 - 0x00007ffac2ee4000 	C:\WINDOWS\System32\RPCRT4.dll
0x00007ffac1510000 - 0x00007ffac1581000 	C:\WINDOWS\System32\WS2_32.dll
0x00007ffabfee0000 - 0x00007ffabff2d000 	C:\WINDOWS\SYSTEM32\POWRPROF.dll
0x00007ffab9450000 - 0x00007ffab9484000 	C:\WINDOWS\SYSTEM32\WINMM.dll
0x00007ffab8290000 - 0x00007ffab829a000 	C:\WINDOWS\SYSTEM32\VERSION.dll
0x00007ffabfe90000 - 0x00007ffabfea3000 	C:\WINDOWS\SYSTEM32\UMPDC.dll
0x00007ffabf900000 - 0x00007ffabf918000 	C:\WINDOWS\SYSTEM32\kernel.appcore.dll
0x00007ffabb990000 - 0x00007ffabb99a000 	C:\Program Files\Android\Android Studio\jbr\bin\jimage.dll
0x00007ffabe330000 - 0x00007ffabe562000 	C:\WINDOWS\SYSTEM32\DBGHELP.DLL
0x00007ffac3290000 - 0x00007ffac3623000 	C:\WINDOWS\System32\combase.dll
0x00007ffac36b0000 - 0x00007ffac3787000 	C:\WINDOWS\System32\OLEAUT32.dll
0x00007ffa96ae0000 - 0x00007ffa96b12000 	C:\WINDOWS\SYSTEM32\dbgcore.DLL
0x00007ffac12a0000 - 0x00007ffac131b000 	C:\WINDOWS\System32\bcryptPrimitives.dll
0x00007ffaabd60000 - 0x00007ffaabd6e000 	C:\Program Files\Android\Android Studio\jbr\bin\instrument.dll
0x00007ffab9260000 - 0x00007ffab9280000 	C:\Program Files\Android\Android Studio\jbr\bin\java.dll
0x00007ffaad340000 - 0x00007ffaad358000 	C:\Program Files\Android\Android Studio\jbr\bin\zip.dll
0x00007ffac2130000 - 0x00007ffac29cd000 	C:\WINDOWS\System32\SHELL32.dll
0x00007ffac1320000 - 0x00007ffac145f000 	C:\WINDOWS\System32\wintypes.dll
0x00007ffabe800000 - 0x00007ffabf11d000 	C:\WINDOWS\SYSTEM32\windows.storage.dll
0x00007ffac1f70000 - 0x00007ffac207b000 	C:\WINDOWS\System32\SHCORE.dll
0x00007ffac2b10000 - 0x00007ffac2b76000 	C:\WINDOWS\System32\shlwapi.dll
0x00007ffac07f0000 - 0x00007ffac081b000 	C:\WINDOWS\SYSTEM32\profapi.dll
0x00007ffab9c50000 - 0x00007ffab9c60000 	C:\Program Files\Android\Android Studio\jbr\bin\net.dll
0x00007ffabc6d0000 - 0x00007ffabc7fc000 	C:\WINDOWS\SYSTEM32\WINHTTP.dll
0x00007ffabfe00000 - 0x00007ffabfe6a000 	C:\WINDOWS\system32\mswsock.dll
0x00007ffaa4e50000 - 0x00007ffaa4e66000 	C:\Program Files\Android\Android Studio\jbr\bin\nio.dll
0x00007ffaad3a0000 - 0x00007ffaad3b0000 	C:\Program Files\Android\Android Studio\jbr\bin\verify.dll
0x00007ffaa08f0000 - 0x00007ffaa0917000 	C:\Users\Hieu\.gradle\native\c067742578af261105cb4f569cf0c3c89f3d7b1fecec35dd04571415982c5e48\windows-amd64\native-platform.dll
0x00007ffa68e20000 - 0x00007ffa68f64000 	C:\Users\Hieu\.gradle\native\100fb08df4bc3b14c8652ba06237920a3bd2aa13389f12d3474272988ae205f9\windows-amd64\native-platform-file-events.dll
0x00007ffab8a70000 - 0x00007ffab8a79000 	C:\Program Files\Android\Android Studio\jbr\bin\management.dll
0x00007ffaad4e0000 - 0x00007ffaad4eb000 	C:\Program Files\Android\Android Studio\jbr\bin\management_ext.dll
0x00007ffac1590000 - 0x00007ffac1598000 	C:\WINDOWS\System32\PSAPI.DLL
0x00007ffac00c0000 - 0x00007ffac00db000 	C:\WINDOWS\SYSTEM32\CRYPTSP.dll
0x00007ffabf860000 - 0x00007ffabf897000 	C:\WINDOWS\system32\rsaenh.dll
0x00007ffabff60000 - 0x00007ffabff88000 	C:\WINDOWS\SYSTEM32\USERENV.dll
0x00007ffac00e0000 - 0x00007ffac00ec000 	C:\WINDOWS\SYSTEM32\CRYPTBASE.dll
0x00007ffabf370000 - 0x00007ffabf39d000 	C:\WINDOWS\SYSTEM32\IPHLPAPI.DLL
0x00007ffac2a30000 - 0x00007ffac2a39000 	C:\WINDOWS\System32\NSI.dll
0x00007ffab9490000 - 0x00007ffab9499000 	C:\Program Files\Android\Android Studio\jbr\bin\extnet.dll
0x00007ffabc590000 - 0x00007ffabc598000 	C:\WINDOWS\system32\wshunix.dll
0x00007ffa4c110000 - 0x00007ffa4c127000 	C:\WINDOWS\system32\napinsp.dll
0x00007ffa84f30000 - 0x00007ffa84f4b000 	C:\WINDOWS\system32\pnrpnsp.dll
0x00007ffabf3a0000 - 0x00007ffabf498000 	C:\WINDOWS\SYSTEM32\DNSAPI.dll
0x00007ffa84f50000 - 0x00007ffa84f61000 	C:\WINDOWS\System32\winrnr.dll
0x00007ffab8a80000 - 0x00007ffab8a9f000 	C:\WINDOWS\system32\wshbth.dll
0x00007ffa8d4b0000 - 0x00007ffa8d4d1000 	C:\WINDOWS\system32\nlansp_c.dll
0x00007ffab51f0000 - 0x00007ffab51fa000 	C:\Windows\System32\rasadhlp.dll
0x00007ffab4c70000 - 0x00007ffab4cf3000 	C:\WINDOWS\System32\fwpuclnt.dll
0x00007ffabfa80000 - 0x00007ffabfab4000 	C:\WINDOWS\SYSTEM32\ntmarta.dll

dbghelp: loaded successfully - version: 4.0.5 - missing functions: none
symbol engine: initialized successfully - sym options: 0x614 - pdb path: .;C:\Program Files\Android\Android Studio\jbr\bin;C:\WINDOWS\SYSTEM32;C:\WINDOWS\WinSxS\amd64_microsoft.windows.common-controls_6595b64144ccf1df_6.0.22621.5262_none_2712bde373830908;C:\Program Files\Android\Android Studio\jbr\bin\server;C:\Users\Hieu\.gradle\native\c067742578af261105cb4f569cf0c3c89f3d7b1fecec35dd04571415982c5e48\windows-amd64;C:\Users\Hieu\.gradle\native\100fb08df4bc3b14c8652ba06237920a3bd2aa13389f12d3474272988ae205f9\windows-amd64

VM Arguments:
jvm_args: --add-opens=java.base/java.util=ALL-UNNAMED --add-opens=java.base/java.lang=ALL-UNNAMED --add-opens=java.base/java.lang.invoke=ALL-UNNAMED --add-opens=java.prefs/java.util.prefs=ALL-UNNAMED --add-exports=jdk.compiler/com.sun.tools.javac.api=ALL-UNNAMED --add-exports=jdk.compiler/com.sun.tools.javac.util=ALL-UNNAMED --add-opens=java.base/java.nio.charset=ALL-UNNAMED --add-opens=java.base/java.net=ALL-UNNAMED --add-opens=java.base/java.util.concurrent.atomic=ALL-UNNAMED -Xmx2048m -Dfile.encoding=UTF-8 -Duser.country=VN -Duser.language=vi -Duser.variant -javaagent:C:\Users\Hieu\.gradle\wrapper\dists\gradle-8.10.2-bin\a04bxjujx95o3nb99gddekhwo\gradle-8.10.2\lib\agents\gradle-instrumentation-agent-8.10.2.jar 
java_command: org.gradle.launcher.daemon.bootstrap.GradleDaemon 8.10.2
java_class_path (initial): C:\Users\Hieu\.gradle\wrapper\dists\gradle-8.10.2-bin\a04bxjujx95o3nb99gddekhwo\gradle-8.10.2\lib\gradle-daemon-main-8.10.2.jar
Launcher Type: SUN_STANDARD

[Global flags]
     intx CICompilerCount                          = 3                                         {product} {ergonomic}
     uint ConcGCThreads                            = 1                                         {product} {ergonomic}
     uint G1ConcRefinementThreads                  = 4                                         {product} {ergonomic}
   size_t G1HeapRegionSize                         = 1048576                                   {product} {ergonomic}
    uintx GCDrainStackTargetSize                   = 64                                        {product} {ergonomic}
   size_t InitialHeapSize                          = 130023424                                 {product} {ergonomic}
   size_t MarkStackSize                            = 4194304                                   {product} {ergonomic}
   size_t MaxHeapSize                              = 2147483648                                {product} {command line}
   size_t MaxNewSize                               = 1287651328                                {product} {ergonomic}
   size_t MinHeapDeltaBytes                        = 1048576                                   {product} {ergonomic}
   size_t MinHeapSize                              = 8388608                                   {product} {ergonomic}
    uintx NonNMethodCodeHeapSize                   = 5832780                                {pd product} {ergonomic}
    uintx NonProfiledCodeHeapSize                  = 122912730                              {pd product} {ergonomic}
    uintx ProfiledCodeHeapSize                     = 122912730                              {pd product} {ergonomic}
    uintx ReservedCodeCacheSize                    = 251658240                              {pd product} {ergonomic}
     bool SegmentedCodeCache                       = true                                      {product} {ergonomic}
   size_t SoftMaxHeapSize                          = 2147483648                             {manageable} {ergonomic}
     bool UseCompressedOops                        = true                           {product lp64_product} {ergonomic}
     bool UseG1GC                                  = true                                      {product} {ergonomic}
     bool UseLargePagesIndividualAllocation        = false                                  {pd product} {ergonomic}

Logging:
Log output configuration:
 #0: stdout all=warning uptime,level,tags foldmultilines=false
 #1: stderr all=off uptime,level,tags foldmultilines=false

Environment Variables:
JAVA_HOME=C:\Program Files\Java\jdk-23
PATH=C:\Program Files (x86)\VMware\VMware Workstation\bin\;C:\Program Files\Common Files\Oracle\Java\javapath;C:\WINDOWS\system32;C:\WINDOWS;C:\WINDOWS\System32\Wbem;C:\WINDOWS\System32\WindowsPowerShell\v1.0\;C:\WINDOWS\System32\OpenSSH\;C:\Users\Hieu\AppData\Local\Microsoft\WindowsApps;C:\adb;C:\Program Files\Microsoft SQL Server\Client SDK\ODBC\170\Tools\Binn\;C:\Program Files (x86)\Microsoft SQL Server\150\Tools\Binn\;C:\Program Files\Microsoft SQL Server\150\Tools\Binn\;C:\Program Files\Microsoft SQL Server\150\DTS\Binn\;C:\Program Files\Azure Data Studio\bin;D:\cnpm\common;C:\Program Files\Java\jdk-23\bin;C:\Program Files\Git\cmd;C:\Program Files\dotnet\;;c:\Users\Hieu\AppData\Local\Programs\cursor\resources\app\bin;C:\Users\Hieu\AppData\Local\Microsoft\WindowsApps;C:\Program Files\Azure Data Studio\bin;D:\cnpm\Microsoft VS Code\bin;C:\Users\Hieu\Downloads\jdk-23_windows-x64_bin.zip\jdk-23.0.1\bin;C:\Users\Hieu\.dotnet\tools;C:\Users\Hieu\AppData\Local\Programs\cursor\resources\app\bin
USERNAME=Hieu
OS=Windows_NT
PROCESSOR_IDENTIFIER=Intel64 Family 6 Model 140 Stepping 2, GenuineIntel
TMP=C:\Users\Hieu\AppData\Local\Temp
TEMP=C:\Users\Hieu\AppData\Local\Temp




Periodic native trim disabled

JNI global refs:
JNI global refs: 28, weak refs: 0

JNI global refs memory usage: 835, weak refs: 833

Process memory usage:
Resident Set Size: 502120K (6% of 8083660K total physical memory with 95872K free physical memory)

OOME stack traces (most recent first):
Classloader memory used:
